City_ID,City,Country,Date,Lat,Lng,Max Temp,Humidity,Cloudiness,Wind Speed
0,Hithadhoo,MV,2021-11-28 20:00:38,-0.6,73.0833,81.52,75,51,17.29
1,Beisfjord,NO,2021-11-28 20:00:38,68.3751,17.5988,23.05,87,98,7.23
2,Luanda,AO,2021-11-28 19:56:39,-8.8368,13.2343,80.6,74,0,6.91
3,Coihaique,CL,2021-11-28 20:00:39,-45.5752,-72.0662,48.02,98,100,7.25
4,Rikitea,PF,2021-11-28 20:00:39,-23.1203,-134.9692,76.33,77,12,16.82
5,Bredasdorp,ZA,2021-11-28 20:00:39,-34.5322,20.0403,63.72,79,16,7.47
6,Qaanaaq,GL,2021-11-28 20:00:40,77.484,-69.3632,-8.3,79,25,7.85
7,Ushuaia,AR,2021-11-28 20:00:06,-54.8,-68.3,47.62,67,36,10.96
8,Port Alfred,ZA,2021-11-28 20:00:40,-33.5906,26.891,66.25,80,8,7.87
9,Hermanus,ZA,2021-11-28 20:00:41,-34.4187,19.2345,64.36,83,62,8.59
10,Poum,NC,2021-11-28 20:00:41,-20.2333,164.0167,79.36,77,55,5.26
11,Fort Nelson,CA,2021-11-28 20:00:42,58.8053,-122.7002,1.04,88,95,2.26
12,Jalu,LY,2021-11-28 20:00:42,29.0331,21.5482,76.53,20,100,12.06
13,Zhigansk,RU,2021-11-28 20:00:42,66.7697,123.3711,-8.7,99,100,5.39
14,Karratha,AU,2021-11-28 20:00:43,-20.7377,116.8463,81.23,62,11,4.41
15,Victoria,HK,2021-11-28 19:57:48,22.2855,114.1577,69.78,69,47,6.42
16,Kaitangata,NZ,2021-11-28 20:00:43,-46.2817,169.8464,53.85,58,100,7.56
17,Castro,BR,2021-11-28 20:00:44,-24.7911,-50.0119,81.28,48,78,4.14
18,Cape Town,ZA,2021-11-28 19:58:40,-33.9258,18.4232,64.81,88,40,4.61
19,Vaini,TO,2021-11-28 20:00:44,-21.2,-175.2,77.56,60,2,18.95
20,Cockburn Town,TC,2021-11-28 20:00:45,21.4612,-71.1419,78.08,76,57,11.27
21,Saint-Philippe,RE,2021-11-28 20:00:45,-21.3585,55.7679,76.59,83,41,3.65
22,Vardo,NO,2021-11-28 20:00:46,70.3705,31.1107,17.58,86,40,18.41
23,Tuktoyaktuk,CA,2021-11-28 20:00:46,69.4541,-133.0374,-9.4,77,75,17.27
24,East London,ZA,2021-11-28 20:00:33,-33.0153,27.9116,69.44,77,20,5.48
25,Narsaq,GL,2021-11-28 20:00:47,60.9167,-46.05,37.62,100,100,3.09
26,Atuona,PF,2021-11-28 19:55:58,-9.8,-139.0333,78.33,74,1,18.88
27,Punta Arenas,CL,2021-11-28 19:58:38,-53.15,-70.9167,50.11,57,75,29.93
28,Jamestown,US,2021-11-28 19:58:10,42.097,-79.2353,36.72,93,90,12.66
29,Mehamn,NO,2021-11-28 20:00:48,71.0357,27.8492,14.18,92,36,14.47
30,Busselton,AU,2021-11-28 20:00:48,-33.65,115.3333,60.35,85,23,8.59
31,Luancheng,CN,2021-11-28 20:00:49,37.8792,114.6517,42.6,74,100,2.51
32,Turuvekere,IN,2021-11-28 20:00:49,13.1642,76.6667,65.16,95,100,5.79
33,Batsfjord,NO,2021-11-28 20:00:49,70.6345,29.7185,17.6,78,0,19.57
34,Alton,US,2021-11-28 19:58:36,38.8906,-90.1843,45.23,26,27,12.41
35,Ndjole,GA,2021-11-28 20:00:50,-0.1783,10.7649,76.98,92,98,3.76
36,Dikson,RU,2021-11-28 20:00:50,73.5069,80.5464,-15.05,100,100,11.97
37,Rupert,US,2021-11-28 20:00:51,42.6191,-113.6772,54.88,31,5,1.45
38,Ribeira Grande,PT,2021-11-28 20:00:51,38.5167,-28.7,61.2,67,20,6.91
39,Tres Arroyos,AR,2021-11-28 20:00:52,-38.3739,-60.2798,66.78,68,100,8.16
40,Nemuro,JP,2021-11-28 20:00:52,43.3236,145.575,39.92,69,3,10.67
41,Fartatesti,RO,2021-11-28 20:00:52,44.7833,24.0,48.94,80,100,5.95
42,Arraial Do Cabo,BR,2021-11-28 19:58:00,-22.9661,-42.0278,82.36,83,20,6.91
43,Hofn,IS,2021-11-28 20:00:53,64.2539,-15.2082,31.05,98,100,9.15
44,Coquimbo,CL,2021-11-28 20:00:53,-29.9533,-71.3436,64.87,69,4,9.22
45,Hayvoron,UA,2021-11-28 20:00:54,48.3396,29.8679,47.59,96,98,9.42
46,Luderitz,NA,2021-11-28 20:01:54,-26.6481,15.1594,61.86,83,4,9.31
47,Arica,CL,2021-11-28 20:00:06,-18.475,-70.3042,69.67,67,91,7.43
48,Kapaa,US,2021-11-28 20:01:55,22.0752,-159.319,76.23,69,1,11.3
49,Mar Del Plata,AR,2021-11-28 20:01:56,-38.0023,-57.5575,63.68,89,100,14.92
50,Barrow,US,2021-11-28 20:01:56,71.2906,-156.7887,-11.18,70,90,13.8
51,Plouzane,FR,2021-11-28 20:01:56,48.3833,-4.6167,43.12,100,90,3.44
52,Gaeta,IT,2021-11-28 20:01:57,41.2183,13.5628,51.55,71,100,15.1
53,Kamen-Rybolov,RU,2021-11-28 20:01:57,44.7481,132.0403,30.63,83,97,9.19
54,Petropavlovsk-Kamchatskiy,RU,2021-11-28 20:01:58,53.0452,158.6483,7.39,66,0,2.24
55,High Prairie,CA,2021-11-28 19:57:37,55.4334,-116.4858,40.3,84,100,10.09
56,Tandalti,SD,2021-11-28 20:01:58,13.0167,31.8667,86.09,23,0,12.33
57,Price,US,2021-11-28 20:01:59,39.5994,-110.8107,53.78,34,0,2.37
58,Marawi,PH,2021-11-28 19:59:06,7.9986,124.2928,68.23,92,72,2.62
59,Vila,PT,2021-11-28 20:01:59,42.0304,-8.1588,43.68,98,100,5.77
60,Bardiyah,LY,2021-11-28 20:02:00,31.7561,25.0865,74.23,42,100,15.61
61,Bereda,ES,2021-11-28 20:02:00,43.2686,-7.5406,49.75,94,100,6.93
62,Khatanga,RU,2021-11-28 20:02:01,71.9667,102.5,-8.54,98,100,9.17
63,Esperance,AU,2021-11-28 20:02:01,-33.8667,121.9,64.24,87,92,14.97
64,Mataura,NZ,2021-11-28 20:02:01,-46.1927,168.8643,53.67,61,94,2.19
65,Petrivka,UA,2021-11-28 20:02:02,46.9695,30.9591,54.05,94,100,7.72
66,Vilhena,BR,2021-11-28 20:02:02,-12.7406,-60.1458,80.33,68,93,7.29
67,Lata,PT,2021-11-28 20:02:03,40.1629,-8.3327,52.21,96,95,7.16
68,Hasaki,JP,2021-11-28 20:02:03,35.7333,140.8333,34.2,48,1,1.43
69,Albany,US,2021-11-28 20:00:14,42.6001,-73.9662,30.61,74,93,4.94
70,Thompson,CA,2021-11-28 20:00:26,55.7435,-97.8558,10.11,77,52,1.21
71,Coari,BR,2021-11-28 19:59:50,-4.085,-63.1414,82.31,84,74,0.98
72,Lompoc,US,2021-11-28 20:02:04,34.6391,-120.4579,79.11,18,1,5.75
73,Axim,GH,2021-11-28 20:02:04,4.8699,-2.2405,79.86,81,100,6.49
74,Asyut,EG,2021-11-28 19:58:48,27.181,31.1837,69.98,20,73,5.21
75,Pag,HR,2021-11-28 20:02:05,44.445,15.0575,48.78,70,100,17.18
76,Waw,SS,2021-11-28 20:00:04,7.7029,27.9953,86.59,30,85,1.66
77,Sri Aman,MY,2021-11-28 20:02:06,1.2376,111.4621,70.75,97,99,2.24
78,Qarqin,AF,2021-11-28 20:02:06,37.4185,66.0436,51.28,54,0,10.02
79,Butaritari,KI,2021-11-28 20:02:06,3.0707,172.7902,81.5,78,79,13.24
80,Hilo,US,2021-11-28 20:00:06,19.7297,-155.09,76.86,71,13,10.63
81,Georgetown,MY,2021-11-28 20:01:26,5.4112,100.3354,76.93,94,20,0.0
82,Port Lincoln,AU,2021-11-28 20:02:07,-34.7333,135.8667,58.89,77,1,6.06
83,Bluff,NZ,2021-11-28 20:02:08,-46.6,168.3333,54.57,70,53,18.54
84,Mahebourg,MU,2021-11-28 20:02:08,-20.4081,57.7,76.55,73,4,5.57
85,Kushima,JP,2021-11-28 20:02:08,31.4583,131.2333,51.04,74,72,5.57
86,Mayo,US,2021-11-28 20:02:09,38.8876,-76.5119,55.81,51,51,3.6
87,Aktash,RU,2021-11-28 20:02:09,50.3,87.7333,2.19,88,74,3.04
88,Upernavik,GL,2021-11-28 20:02:10,72.7868,-56.1549,-8.97,78,5,11.63
89,Ballina,AU,2021-11-28 20:02:10,-28.8667,153.5667,66.24,86,99,8.08
90,Alexandria,EG,2021-11-28 20:02:11,31.2156,29.9553,72.52,55,100,5.84
91,Nikolskoye,RU,2021-11-28 20:03:11,59.7035,30.7861,24.69,93,97,4.92
92,Newberry,US,2021-11-28 20:03:11,34.2746,-81.6187,62.82,32,100,6.15
93,Narasapur,IN,2021-11-28 20:03:12,16.45,81.6667,73.42,93,100,6.24
94,Beyneu,KZ,2021-11-28 20:03:12,45.3167,55.2,36.63,45,95,10.27
95,Kodiak,US,2021-11-28 20:02:18,57.79,-152.4072,10.89,69,3,7.7
96,Clyde River,CA,2021-11-28 20:03:13,70.4692,-68.5914,-3.77,84,100,17.27
97,Palu,ID,2021-11-28 20:03:13,-0.8917,119.8707,75.25,96,100,2.15
98,Puerto Ayora,EC,2021-11-28 20:03:14,-0.7393,-90.3518,78.76,81,87,10.07
99,Yala,TH,2021-11-28 20:03:14,6.3333,101.25,72.41,99,100,0.69
100,Namibe,AO,2021-11-28 20:03:15,-15.1961,12.1522,69.46,76,90,7.0
101,Tautira,PF,2021-11-28 20:03:15,-17.7333,-149.15,84.22,80,85,19.84
102,Ilo,PE,2021-11-28 20:03:15,-17.6394,-71.3375,67.69,74,88,6.29
103,Roma,US,2021-11-28 20:03:16,43.2128,-75.4557,33.94,80,90,5.75
104,Sola,VU,2021-11-28 20:03:16,-13.8833,167.55,81.52,74,39,8.97
105,Tucuman,AR,2021-11-28 20:03:10,-26.8241,-65.2226,82.4,34,75,5.75
106,Rincon,US,2021-11-28 20:03:17,32.296,-81.2354,62.51,36,90,10.36
107,Iqaluit,CA,2021-11-28 20:03:17,63.7506,-68.5145,21.63,74,100,8.23
108,Mpanda,TZ,2021-11-28 20:03:17,-6.3655,31.0409,68.52,73,76,2.21
109,Chuy,UY,2021-11-28 20:03:18,-33.6971,-53.4616,66.69,95,100,3.24
110,Alyangula,AU,2021-11-28 20:03:18,-13.8483,136.4192,81.84,58,57,2.1
111,Ahipara,NZ,2021-11-28 20:03:18,-35.1667,173.1667,66.34,71,100,2.21
112,Derzhavinsk,KZ,2021-11-28 20:03:19,51.1,66.3167,11.95,75,100,7.29
113,Billings,US,2021-11-28 20:02:43,45.7833,-108.5007,53.37,37,75,19.57
114,Longonjo,AO,2021-11-28 20:03:19,-12.9067,15.2533,63.68,90,64,2.04
115,Orumiyeh,IR,2021-11-28 20:03:20,37.5527,45.0761,44.85,73,5,6.58
116,Khuzhir,RU,2021-11-28 20:03:20,53.1939,107.3397,23.18,65,100,12.64
117,Kaiyuan,CN,2021-11-28 20:03:21,23.6977,103.3037,51.53,94,21,4.21
118,Palora,EC,2021-11-28 20:03:21,-1.7,-77.9333,87.78,50,69,5.5
119,Noumea,NC,2021-11-28 20:03:21,-22.2763,166.4572,78.78,83,48,10.63
120,Montepuez,MZ,2021-11-28 20:03:22,-13.1256,38.9997,70.38,80,56,7.81
121,Great Bend,US,2021-11-28 20:03:22,38.3645,-98.7648,55.92,35,1,11.5
122,Hobyo,SO,2021-11-28 20:03:23,5.3505,48.5268,81.43,78,32,15.08
123,Bambous Virieux,MU,2021-11-28 20:03:23,-20.3428,57.7575,76.53,72,3,5.26
124,Vestmanna,FO,2021-11-28 20:03:23,62.1564,-7.1664,34.72,80,90,0.0
125,Sao Filipe,CV,2021-11-28 20:03:24,14.8961,-24.4956,76.91,70,93,14.29
126,Humaita,BR,2021-11-28 20:03:24,-7.5061,-63.0208,82.2,85,96,2.24
127,Cidreira,BR,2021-11-28 20:03:24,-30.1811,-50.2056,72.84,85,100,7.52
128,Norman Wells,CA,2021-11-28 20:03:25,65.282,-126.8329,-15.25,95,99,6.38
129,Matara,LK,2021-11-28 20:03:25,5.9485,80.5353,75.29,92,100,3.71
130,Kruisfontein,ZA,2021-11-28 20:03:26,-34.0033,24.7314,63.73,76,0,18.41
131,Salalah,OM,2021-11-28 20:03:26,17.0151,54.0924,75.29,73,0,4.61
132,Yellowknife,CA,2021-11-28 20:00:56,62.456,-114.3525,15.46,93,100,13.35
133,Esfarayen,IR,2021-11-28 20:03:27,37.0765,57.5101,47.39,49,100,4.38
134,Torbay,CA,2021-11-28 20:00:20,47.6666,-52.7314,46.15,76,57,16.35
135,Avarua,CK,2021-11-28 20:03:27,-21.2078,-159.775,78.85,65,0,4.61
136,Guilin,CN,2021-11-28 20:03:28,25.2819,110.2864,51.78,79,2,4.45
137,Porto Walter,BR,2021-11-28 20:03:28,-8.2686,-72.7439,91.85,45,100,4.72
138,Margate,GB,2021-11-28 20:04:29,51.3813,1.3862,37.11,78,44,24.34
139,Maldonado,UY,2021-11-28 20:04:29,-34.6667,-54.9167,67.39,90,100,7.07
140,Yanam,IN,2021-11-28 20:04:29,16.7333,82.2167,75.47,82,100,5.88
141,Chokwe,MZ,2021-11-28 20:04:30,-24.5333,32.9833,77.31,48,32,11.59
142,Orlik,RU,2021-11-28 20:04:30,52.5178,99.825,4.03,91,100,4.25
143,Lagunas,PE,2021-11-28 20:04:31,-5.2269,-75.6753,92.48,44,100,4.14
144,Pisco,PE,2021-11-28 20:04:31,-13.7,-76.2167,71.65,68,0,23.02
145,Carnarvon,AU,2021-11-28 20:04:31,-24.8667,113.6333,75.27,64,0,14.97
146,Saint-Pierre,RE,2021-11-28 20:04:32,-21.3393,55.4781,76.68,78,20,5.75
147,Pevek,RU,2021-11-28 20:04:32,69.7008,170.3133,1.45,84,100,1.45
148,Dingle,PH,2021-11-28 20:04:32,10.9995,122.6711,75.13,94,61,7.4
149,Santa Maria,BR,2021-11-28 20:01:12,-29.6842,-53.8069,73.76,82,100,1.25
150,Fortuna,US,2021-11-28 20:04:33,40.5982,-124.1573,53.94,100,90,0.0
151,Makungu,TZ,2021-11-28 20:04:33,-8.7333,35.2833,63.21,92,13,2.55
152,Andenes,NO,2021-11-28 20:04:34,69.3143,16.1194,28.38,86,75,10.36
153,Hobart,AU,2021-11-28 20:04:34,-42.8794,147.3294,51.66,87,0,6.91
154,Khuzdar,PK,2021-11-28 20:04:35,27.7384,66.6434,52.81,33,0,0.96
155,Port Blair,IN,2021-11-28 20:04:35,11.6667,92.75,79.86,74,11,7.54
156,Assiniboia,CA,2021-11-28 20:04:36,49.6334,-105.9845,51.64,60,92,13.2
157,Marsh Harbour,BS,2021-11-28 20:04:36,26.5412,-77.0636,72.59,64,96,2.82
158,Tabou,CI,2021-11-28 20:04:36,4.423,-7.3528,79.38,81,30,5.91
159,Na Klang,TH,2021-11-28 20:04:37,17.3072,102.1889,64.45,79,45,4.97
160,Meridian,US,2021-11-28 20:04:37,43.6121,-116.3915,50.85,65,1,0.0
161,Nyagan,RU,2021-11-28 20:04:37,62.1406,65.3936,24.75,90,100,9.42
162,Port Moresby,PG,2021-11-28 20:04:38,-9.4431,147.1797,76.33,87,99,1.97
163,Moranbah,AU,2021-11-28 20:04:38,-22.0016,148.0466,73.83,88,85,12.21
164,Tuatapere,NZ,2021-11-28 20:04:39,-46.1333,167.6833,55.31,55,29,1.92
165,Poya,NC,2021-11-28 20:04:39,-21.35,165.15,80.01,74,80,3.56
166,Safaga,EG,2021-11-28 20:04:39,26.7292,33.9365,78.24,36,77,7.02
167,Richards Bay,ZA,2021-11-28 20:02:51,-28.783,32.0377,74.88,67,0,12.95
168,Bandarbeyla,SO,2021-11-28 20:04:40,9.4942,50.8122,78.1,74,32,19.26
169,Alice Springs,AU,2021-11-28 20:01:16,-23.7,133.8833,56.75,77,0,0.0
170,Sterling,US,2021-11-28 20:04:41,39.0062,-77.4286,57.34,41,40,10.36
171,Krasnoselkup,RU,2021-11-28 20:04:41,65.7,82.4667,-17.03,100,72,5.66
172,Qasigiannguit,GL,2021-11-28 20:04:41,68.8193,-51.1922,17.85,88,100,5.01
173,Qaqortoq,GL,2021-11-28 20:04:42,60.7167,-46.0333,37.9,99,100,8.3
174,Souillac,MU,2021-11-28 20:04:42,-20.5167,57.5167,76.23,76,0,6.15
175,Tura,IN,2021-11-28 20:04:43,25.5198,90.2201,59.36,65,5,3.33
176,Harlingen,US,2021-11-28 20:02:49,26.1906,-97.6961,73.58,56,1,9.22
177,Luis Correia,BR,2021-11-28 20:04:43,-2.8792,-41.6669,87.8,74,20,17.27
178,Bulgan,MN,2021-11-28 20:04:44,48.8125,103.5347,12.13,74,54,5.99
179,Nyurba,RU,2021-11-28 20:04:44,63.2842,118.3319,-17.59,100,72,3.47
180,Batemans Bay,AU,2021-11-28 20:00:05,-35.7167,150.1833,54.39,79,61,3.83
181,Waipawa,NZ,2021-11-28 20:04:45,-41.4122,175.5153,61.43,72,73,4.43
182,Aleksandrov Gay,RU,2021-11-28 20:05:45,50.147,48.5704,37.17,79,76,10.09
183,Port Hardy,CA,2021-11-28 20:05:46,50.6996,-127.4199,48.69,96,100,4.88
184,Caravelas,BR,2021-11-28 20:05:46,-17.7125,-39.2481,75.27,92,33,10.45
185,Provideniya,RU,2021-11-28 20:05:47,64.3833,-173.3,-5.3,77,8,5.32
186,Shelburne,CA,2021-11-28 20:05:47,44.0787,-80.2041,26.49,96,100,4.12
187,Lavrentiya,RU,2021-11-28 20:05:47,65.5833,-171.0,-12.75,91,3,6.76
188,Staryy Nadym,RU,2021-11-28 20:05:48,65.6118,72.6842,-12.17,97,100,6.67
189,Honningsvag,NO,2021-11-28 20:05:48,70.9821,25.9704,13.75,92,90,24.16
190,Haines Junction,CA,2021-11-28 20:05:49,60.7522,-137.5108,-5.04,97,100,1.36
191,Rauma,FI,2021-11-28 20:05:49,61.1272,21.5113,15.84,75,100,9.35
192,Port Elizabeth,ZA,2021-11-28 20:05:49,-33.918,25.5701,66.67,76,25,20.42
193,Hamilton,US,2021-11-28 20:01:37,39.1834,-84.5333,45.23,37,0,12.93
194,Port-Gentil,GA,2021-11-28 20:05:50,-0.7193,8.7815,80.74,80,95,9.62
195,Alofi,NU,2021-11-28 20:05:50,-19.0595,-169.9187,80.49,57,40,13.8
196,Maraba,BR,2021-11-28 20:02:22,-5.3686,-49.1178,84.58,66,100,3.6
197,Ipixuna,BR,2021-11-28 20:05:51,-1.7625,-48.8043,75.15,74,100,5.08
198,Soro,IN,2021-11-28 20:05:51,21.2881,86.6858,65.43,55,49,3.4
199,Berezovo,RU,2021-11-28 20:05:52,63.9381,65.0419,14.32,95,100,10.83
200,Saldanha,ZA,2021-11-28 20:05:52,-33.0117,17.9442,63.32,85,0,5.44
201,Nambiyur,IN,2021-11-28 20:05:52,11.3667,77.3333,74.79,92,99,2.62
202,Henties Bay,NA,2021-11-28 20:05:53,-22.116,14.2845,60.42,90,0,7.14
203,Turukhansk,RU,2021-11-28 20:05:53,65.8167,87.9833,-10.07,100,89,3.98
204,Paamiut,GL,2021-11-28 20:05:53,61.994,-49.6678,38.98,90,100,30.49
205,Beyla,GN,2021-11-28 20:05:54,8.6833,-8.6333,75.36,47,11,3.0
206,Dumas,US,2021-11-28 20:05:54,35.8656,-101.9732,63.75,25,1,19.57
207,Sapouy,BF,2021-11-28 20:05:55,11.5544,-1.7736,79.47,15,60,6.24
208,Boa Vista,BR,2021-11-28 20:05:55,2.8197,-60.6733,93.18,38,20,14.97
209,Caibarien,CU,2021-11-28 20:05:55,22.5206,-79.4669,81.72,69,42,7.2
210,Zabid,YE,2021-11-28 20:05:56,14.1951,43.3152,82.22,55,0,4.25
211,Ostrovnoy,RU,2021-11-28 20:05:56,68.0531,39.5131,16.0,83,100,8.32
212,Grindavik,IS,2021-11-28 20:05:57,63.8424,-22.4338,43.27,100,90,13.8
213,Rafai,CF,2021-11-28 20:05:57,4.95,23.9167,77.31,45,98,0.85
214,Havoysund,NO,2021-11-28 20:05:57,70.9963,24.6622,14.23,88,53,11.43
215,Barra Patuca,HN,2021-11-28 20:05:58,15.8,-84.2833,81.14,65,36,8.1
216,Gat,IL,2021-11-28 20:05:58,31.61,34.7642,61.48,39,15,1.61
217,Faanui,PF,2021-11-28 20:05:59,-16.4833,-151.75,81.37,74,100,11.81
218,Tecoanapa,MX,2021-11-28 20:05:59,16.5167,-98.75,83.05,66,93,7.47
219,Linqiong,CN,2021-11-28 20:05:59,30.4159,103.4609,53.53,78,100,1.74
220,Rio Esteban,HN,2021-11-28 20:06:00,15.8333,-86.3,82.67,60,16,5.55
221,Pemangkat,ID,2021-11-28 20:06:00,1.1667,108.9667,76.64,82,85,5.19
222,Buala,SB,2021-11-28 20:06:01,-8.145,159.5921,81.3,80,78,6.8
223,San Quintin,MX,2021-11-28 20:06:01,30.4833,-115.95,73.0,34,0,8.57
224,Mugur-Aksy,RU,2021-11-28 20:06:01,50.35,90.5,5.61,90,46,6.11
225,Tiksi,RU,2021-11-28 20:06:02,71.6872,128.8694,-13.34,99,99,6.44
226,Belmonte,BR,2021-11-28 20:06:02,-15.8631,-38.8828,79.3,83,37,14.16
227,Contamana,PE,2021-11-28 20:06:02,-7.3333,-75.0167,96.82,34,72,5.75
228,Luorong,CN,2021-11-28 20:06:03,24.4058,109.6086,54.91,75,1,4.59
229,Shakawe,BW,2021-11-28 20:06:03,-18.3667,21.85,75.13,57,77,3.78
230,Krasnorechenskiy,RU,2021-11-28 20:07:04,44.6265,135.3532,26.8,80,85,6.51
231,Kilindoni,TZ,2021-11-28 20:07:04,-7.9139,39.6668,81.3,77,97,12.66
232,Carutapera,BR,2021-11-28 20:07:04,-1.195,-46.02,84.2,66,6,8.14
233,Egvekinot,RU,2021-11-28 20:07:05,66.3167,-179.1667,-6.61,97,100,1.07
234,Severo-Kurilsk,RU,2021-11-28 20:07:05,50.6789,156.125,33.08,82,100,12.57
235,Mastic Beach,US,2021-11-28 20:07:06,40.7668,-72.8521,41.2,70,90,3.44
236,Xining,CN,2021-11-28 20:07:06,36.6167,101.7667,21.42,88,100,4.0
237,Constitucion,CL,2021-11-28 20:07:06,-35.3333,-72.4167,64.36,55,5,21.97
238,Polunochnoye,RU,2021-11-28 20:07:07,60.8697,60.4153,24.4,90,100,5.68
239,Ust-Omchug,RU,2021-11-28 20:07:07,61.15,149.6333,-9.69,99,100,6.02
240,Cherskiy,RU,2021-11-28 20:07:08,68.75,161.3,-9.02,99,100,6.42
241,Paragominas,BR,2021-11-28 20:07:08,-2.9667,-47.4833,86.25,57,59,3.6
242,Linxia,CN,2021-11-28 20:07:09,35.6003,103.2064,22.96,92,100,1.66
243,Lebu,CL,2021-11-28 20:07:09,-37.6167,-73.65,56.89,67,6,19.64
244,Touros,BR,2021-11-28 20:07:10,-5.1989,-35.4608,85.1,72,43,11.86
245,Dudinka,RU,2021-11-28 20:07:10,69.4058,86.1778,-21.51,100,100,1.16
246,Tazovskiy,RU,2021-11-28 20:07:10,67.4667,78.7,-14.48,100,90,5.1
247,Mackenzie,CA,2021-11-28 20:07:11,55.2999,-123.1698,37.54,97,78,7.54
248,Ilulissat,GL,2021-11-28 20:07:11,69.2167,-51.1,17.62,53,100,2.3
249,Porbandar,IN,2021-11-28 20:07:12,21.6422,69.6093,77.97,63,72,4.83
250,Conceicao Do Araguaia,BR,2021-11-28 20:07:12,-8.2578,-49.2647,78.8,89,100,2.89
251,Muroto,JP,2021-11-28 20:07:13,33.2833,134.15,53.53,60,1,4.54
252,Aklavik,CA,2021-11-28 20:07:13,68.2191,-135.0107,-10.48,88,100,20.22
253,Stykkisholmur,IS,2021-11-28 20:07:13,65.0757,-22.7297,37.87,96,100,5.57
254,Corrales,US,2021-11-28 20:07:14,35.2378,-106.6067,66.74,24,1,4.61
255,Chipinge,ZW,2021-11-28 20:07:14,-20.1883,32.6236,61.52,73,0,5.06
256,Huaral,PE,2021-11-28 20:07:15,-11.495,-77.2078,66.13,67,70,8.61
257,Mitsamiouli,KM,2021-11-28 20:07:15,-11.3847,43.2844,79.95,80,7,7.52
258,Mahates,CO,2021-11-28 20:07:16,10.2329,-75.1899,87.69,72,99,2.91
259,Victoriaville,CA,2021-11-28 20:03:11,46.0501,-71.9658,23.34,85,98,6.64
260,Half Moon Bay,US,2021-11-28 20:05:11,37.4636,-122.4286,66.38,67,20,4.61
261,Evensk,RU,2021-11-28 20:07:16,61.95,159.2333,15.53,95,100,3.47
262,Talnakh,RU,2021-11-28 20:07:17,69.4865,88.3972,-15.72,98,66,2.28
263,Saint-Joseph,RE,2021-11-28 20:07:18,-21.3667,55.6167,75.58,85,34,4.07
264,Pangnirtung,CA,2021-11-28 20:07:18,66.1451,-65.7125,17.69,78,100,7.92
265,Mondlo,ZA,2021-11-28 20:07:19,-27.983,30.7177,64.02,71,37,6.98
266,Taoudenni,ML,2021-11-28 20:07:19,22.6783,-3.9836,69.93,20,4,9.6
267,Gweta,BW,2021-11-28 20:07:19,-20.1833,25.2333,87.46,25,52,5.84
268,Nanortalik,GL,2021-11-28 20:07:20,60.1432,-45.2371,41.58,93,100,15.03
269,Klaksvik,FO,2021-11-28 20:07:20,62.2266,-6.589,36.52,64,100,7.05
270,Saskylakh,RU,2021-11-28 20:07:20,71.9167,114.0833,-18.44,99,99,4.65
271,Miasskoye,RU,2021-11-28 20:08:21,55.2784,61.8905,23.88,75,100,12.37
272,Dondo,MZ,2021-11-28 20:08:21,-19.6094,34.7431,72.91,83,0,5.82
273,New Norfolk,AU,2021-11-28 20:08:22,-42.7826,147.0587,51.3,88,38,2.39
274,Mount Gambier,AU,2021-11-28 20:06:50,-37.8333,140.7667,49.55,78,0,5.08
275,Yining,CN,2021-11-28 20:08:22,29.0361,114.5636,50.14,90,12,0.96
276,Sfantu Gheorghe,RO,2021-11-28 20:08:23,45.8667,25.7833,45.19,73,100,4.12
277,Ginda,IN,2021-11-28 20:08:23,30.6945,78.4932,44.51,23,0,6.96
278,Kupino,RU,2021-11-28 20:08:24,54.3663,77.2981,10.83,93,97,7.25
279,Yasugi,JP,2021-11-28 20:08:24,35.4333,133.25,46.8,68,100,6.58
280,Khandyga,RU,2021-11-28 20:08:24,62.6667,135.6,-16.31,100,100,0.76
281,Ponta Do Sol,PT,2021-11-28 20:08:25,32.6667,-17.1,63.23,76,57,8.52
282,Dokka,NO,2021-11-28 20:08:25,60.84,10.0618,20.66,94,62,2.82
283,Roros,NO,2021-11-28 20:08:26,62.5747,11.3842,-11.36,77,40,1.14
284,Sur,OM,2021-11-28 20:08:26,22.5667,59.5289,73.96,58,0,0.49
285,Sorland,NO,2021-11-28 20:08:27,67.667,12.6934,31.86,59,100,14.45
286,Praia,CV,2021-11-28 20:08:27,14.9215,-23.5087,75.74,69,40,24.16
287,Albanel,CA,2021-11-28 20:08:28,48.8832,-72.4487,23.76,71,96,9.84
288,Macomb,US,2021-11-28 20:08:28,40.4592,-90.6718,43.02,26,1,16.11
289,Naze,JP,2021-11-28 20:08:28,28.3667,129.4833,63.72,64,100,14.47
290,Asau,RO,2021-11-28 20:08:29,46.4333,26.4,43.72,76,100,3.87
291,Deputatskiy,RU,2021-11-28 20:08:29,69.3,139.9,-12.21,96,100,5.23
292,Cap Malheureux,MU,2021-11-28 20:08:30,-19.9842,57.6142,77.27,72,7,7.16
293,Leningradskiy,RU,2021-11-28 20:08:30,69.3833,178.4167,-21.14,94,85,11.3
294,Belyy Yar,RU,2021-11-28 20:08:31,53.6039,91.3903,24.69,54,0,11.18
295,Finkenstein,AT,2021-11-28 20:08:31,46.5623,13.8709,34.23,98,100,3.71
296,Baie-Comeau,CA,2021-11-28 20:07:43,49.2168,-68.1489,29.77,73,100,14.12
297,Bengkulu,ID,2021-11-28 20:08:32,-3.8004,102.2655,75.94,86,100,4.85
298,Palakollu,IN,2021-11-28 20:08:32,16.5333,81.7333,72.39,95,100,3.71
299,Miraflores,MX,2021-11-28 20:08:33,19.2167,-98.8083,70.45,34,43,3.65
300,Katsuura,JP,2021-11-28 20:08:33,35.1333,140.3,48.31,55,2,1.41
301,Watrous,CA,2021-11-28 20:08:33,51.6668,-105.4679,28.71,90,100,7.74
302,Monteagudo,BO,2021-11-28 20:08:34,-19.8167,-63.9833,65.62,96,100,8.93
303,Kyra,RU,2021-11-28 20:08:34,49.5776,111.9753,6.35,79,92,2.93
304,Oroszlany,HU,2021-11-28 20:08:34,47.4867,18.3123,35.15,90,100,10.0
305,Celestun,MX,2021-11-28 20:08:35,20.8667,-90.4,79.14,66,100,10.92
306,Tayturka,RU,2021-11-28 20:08:35,52.8692,103.4608,14.65,90,100,3.76
307,Slave Lake,CA,2021-11-28 20:08:36,55.2834,-114.769,46.69,63,91,6.67
308,Mpika,ZM,2021-11-28 20:08:36,-11.8343,31.4529,65.19,70,2,1.83
309,Kolyvan,RU,2021-11-28 20:08:36,55.3053,82.7391,13.62,97,97,6.89
310,Fort-De-France,MQ,2021-11-28 20:08:37,14.6089,-61.0733,84.15,70,75,10.36
311,Abu Samrah,SY,2021-11-28 20:08:37,35.3029,37.1841,61.09,54,5,5.08
312,Merke,KZ,2021-11-28 20:08:37,42.8728,73.1786,33.66,54,12,5.91
313,Longyearbyen,SJ,2021-11-28 20:08:38,78.2186,15.6401,10.24,56,75,27.63
314,North Bend,US,2021-11-28 20:08:38,43.4065,-124.2243,53.51,100,90,6.91
315,Morro Bay,US,2021-11-28 20:08:39,35.3658,-120.8499,79.25,28,0,1.72
316,Benguela,AO,2021-11-28 20:08:39,-12.5763,13.4055,76.01,81,97,8.66
317,Lagoa,PT,2021-11-28 20:09:39,39.05,-27.9833,60.42,55,60,1.59
318,Faya,SA,2021-11-28 20:09:40,18.3851,42.4509,55.92,37,0,5.61
319,Bonthe,SL,2021-11-28 20:09:40,7.5264,-12.505,80.19,80,6,6.67
320,Niquero,CU,2021-11-28 20:09:40,20.0431,-77.5828,80.82,60,6,6.53
321,Kahului,US,2021-11-28 20:09:41,20.8947,-156.47,80.62,61,20,18.41
322,Veraval,IN,2021-11-28 20:09:41,20.9,70.3667,76.53,48,60,5.57
323,Nelson Bay,AU,2021-11-28 20:09:42,-32.7167,152.15,60.85,76,100,6.15
324,Port Keats,AU,2021-11-28 20:09:42,-14.25,129.55,80.29,76,100,3.29
325,Samarai,PG,2021-11-28 20:09:42,-10.6167,150.6667,82.18,80,100,7.58
326,Meru,KE,2021-11-28 20:09:43,0.0463,37.6559,59.77,92,61,1.88
327,Tilichiki,RU,2021-11-28 20:09:43,60.4667,166.1,21.38,95,100,9.62
328,Costa Rica,BR,2021-11-28 20:09:44,-23.4167,-54.65,81.79,66,79,5.46
329,Alenquer,BR,2021-11-28 20:09:44,-1.9417,-54.7383,88.14,59,99,4.09
330,Yongan,CN,2021-11-28 20:09:45,39.6957,113.6871,34.61,83,100,3.13
331,Pemba,MZ,2021-11-28 20:09:45,-12.974,40.5178,79.3,71,43,13.47
332,San Cristobal,VE,2021-11-28 20:09:45,7.7669,-72.225,78.98,52,62,3.58
333,Mandalgovi,MN,2021-11-28 20:09:46,45.7625,106.2708,13.87,88,14,13.91
334,Tasiilaq,GL,2021-11-28 20:09:46,65.6145,-37.6368,26.76,97,96,3.44
335,Sistranda,NO,2021-11-28 20:09:47,63.7256,8.834,21.16,67,92,15.57
336,Erenhot,CN,2021-11-28 20:09:47,43.6475,111.9767,23.7,72,100,7.27
337,Prudentopolis,BR,2021-11-28 20:09:47,-25.2131,-50.9778,85.1,32,91,5.97
338,Dunedin,NZ,2021-11-28 20:09:48,-45.8742,170.5036,58.44,57,57,1.99
339,Buraydah,SA,2021-11-28 20:09:48,26.326,43.975,61.99,37,0,6.93
340,Osoyoos,CA,2021-11-28 20:09:49,49.0331,-119.4524,62.19,94,100,3.62
341,Jeremie,HT,2021-11-28 20:09:49,18.65,-74.1167,79.92,76,42,5.39
342,Leh,IN,2021-11-28 20:09:50,34.1667,77.5833,15.03,64,1,2.59
343,Bethel,US,2021-11-28 20:05:00,41.3712,-73.414,37.98,75,90,3.44
344,Shache,CN,2021-11-28 20:05:37,38.4167,77.2406,29.08,38,32,3.36
345,Orbetello,IT,2021-11-28 20:09:50,42.4408,11.2196,50.43,61,45,9.64
346,Fethiye,TR,2021-11-28 20:09:51,36.6217,29.1164,66.07,52,94,5.14
347,Kavieng,PG,2021-11-28 20:09:51,-2.5744,150.7967,81.18,79,74,9.08
348,Kosino,RU,2021-11-28 20:09:51,58.4127,51.2782,33.42,98,100,12.77
349,Kudahuvadhoo,MV,2021-11-28 20:09:52,2.6708,72.8944,82.81,69,96,16.53
350,Venado Tuerto,AR,2021-11-28 20:09:52,-33.7456,-61.9688,76.24,41,20,20.07
351,Newtownards,GB,2021-11-28 20:09:53,54.5924,-5.6909,39.15,70,19,4.61
352,Lancaster,US,2021-11-28 20:05:30,40.2504,-76.2499,46.78,61,90,4.61
353,Merauke,ID,2021-11-28 20:09:53,-8.4667,140.3333,79.7,80,100,3.6
354,Brokopondo,SR,2021-11-28 20:09:54,4.75,-55.1667,89.11,51,22,7.87
355,Ternate,ID,2021-11-28 20:09:54,0.8,127.4,78.35,82,100,1.21
356,Jurm,AF,2021-11-28 20:09:54,36.8648,70.8342,41.77,82,100,2.8
357,Minervino Murge,IT,2021-11-28 20:09:55,41.0843,16.0784,49.32,74,88,12.77
358,Geraldton,AU,2021-11-28 20:09:55,-28.7667,114.6,68.41,88,90,10.36
359,Laguna,US,2021-11-28 20:09:56,38.421,-121.4238,71.42,59,1,5.75
360,Betare Oya,CM,2021-11-28 20:09:56,5.6,14.0833,73.26,39,88,1.36
361,Portree,GB,2021-11-28 20:09:57,57.4129,-6.1942,35.73,70,81,1.48
362,Kampot,KH,2021-11-28 20:09:57,10.6167,104.1833,80.65,82,100,12.73
363,Vizinga,RU,2021-11-28 20:10:57,61.0749,50.1031,33.49,98,100,9.75
364,Panjab,AF,2021-11-28 20:10:58,34.388,67.0233,25.3,86,7,1.1
365,Riachao Das Neves,BR,2021-11-28 20:10:58,-11.7461,-44.91,80.89,72,55,3.49
366,Duluth,US,2021-11-28 20:06:33,46.7833,-92.1066,36.66,51,20,16.11
367,Saint George,US,2021-11-28 20:07:11,37.1041,-113.5841,73.87,23,1,0.0
368,Praya,CV,2021-11-28 20:10:59,14.9215,-23.5087,75.74,69,40,24.16
369,Nesterovskaya,RU,2021-11-28 20:10:12,43.2386,45.0503,36.36,69,100,2.44
370,Sorong,ID,2021-11-28 20:10:59,-0.8833,131.25,78.55,85,100,3.83
371,Kenai,US,2021-11-28 20:11:00,60.5544,-151.2583,5.09,78,90,10.36
372,Meulaboh,ID,2021-11-28 20:07:16,4.1363,96.1285,74.41,91,100,4.05
373,Shwebo,MM,2021-11-28 20:11:00,22.5667,95.7,64.33,79,1,5.59
374,Pine Bluff,US,2021-11-28 20:11:01,34.2284,-92.0032,62.71,44,1,10.36
375,Dumabato,PH,2021-11-28 20:11:01,16.3167,121.7,69.76,95,65,0.45
376,Angoche,MZ,2021-11-28 20:11:02,-16.2325,39.9086,76.23,66,0,10.42
377,Bethlehem,BR,2021-11-28 20:11:02,-1.4558,-48.5044,75.24,88,40,4.61
378,Jhang,PK,2021-11-28 20:11:02,33.6748,72.6963,54.57,42,3,2.66
379,Lorengau,PG,2021-11-28 20:11:03,-2.0226,147.2712,79.9,81,96,2.55
380,Santa Vitoria Do Palmar,BR,2021-11-28 20:11:03,-33.5189,-53.3681,66.83,97,100,3.09
381,Camana,PE,2021-11-28 20:11:03,-16.6228,-72.7111,69.71,74,88,7.85
382,Buenos Aires,AR,2021-11-28 20:06:53,-34.6132,-58.3772,65.88,94,90,3.44
383,Piacabucu,BR,2021-11-28 20:11:04,-10.4056,-36.4344,81.01,79,85,14.23
384,Minden,DE,2021-11-28 20:11:04,52.2833,8.9167,37.62,87,75,8.05
385,Socoltenango,MX,2021-11-28 20:11:05,16.2167,-92.25,73.13,53,100,2.91
386,Ponta Delgada,PT,2021-11-28 20:11:05,37.7333,-25.6667,61.52,72,75,8.05
387,Myitkyina,MM,2021-11-28 20:11:06,25.3833,97.4,57.47,70,5,2.37
388,Chernyshevskiy,RU,2021-11-28 20:11:06,63.0128,112.4714,-19.23,100,99,1.79
389,Vangaindrano,MG,2021-11-28 20:11:06,-23.35,47.6,67.19,66,100,2.39
390,Quesnel,CA,2021-11-28 20:11:07,52.9999,-122.5029,44.13,83,100,8.9
391,Guerrero Negro,MX,2021-11-28 20:11:07,27.9769,-114.0611,77.5,34,0,6.15
392,Tutoia,BR,2021-11-28 20:11:08,-2.7619,-42.2744,87.78,73,85,11.77
393,Dzhebariki-Khaya,RU,2021-11-28 20:11:08,62.2167,135.8,-9.6,100,100,0.96
394,Airai,TL,2021-11-28 20:11:08,-8.9266,125.4092,60.6,90,100,0.96
395,Japura,ID,2021-11-28 20:11:09,-0.3167,102.35,72.64,91,100,2.19
396,Baruun-Urt,MN,2021-11-28 20:11:09,46.6806,113.2792,7.34,98,82,4.36
397,Beringovskiy,RU,2021-11-28 20:11:09,63.05,179.3167,3.65,96,97,4.97
398,Jumla,NP,2021-11-28 20:11:10,29.2747,82.1838,39.69,65,0,4.9
399,Nanakuli,US,2021-11-28 20:11:10,21.3906,-158.1547,80.55,71,1,9.22
400,Rocha,UY,2021-11-28 20:11:11,-34.4833,-54.3333,68.5,91,100,4.18
401,Kirkland Lake,CA,2021-11-28 20:11:11,48.1446,-80.0377,13.03,59,97,1.39
402,Baykit,RU,2021-11-28 20:11:11,61.67,96.37,14.05,96,100,1.03
403,Male,MV,2021-11-28 20:09:36,4.1748,73.5089,81.84,72,98,15.08
404,Sibolga,ID,2021-11-28 20:11:12,1.7427,98.7792,74.28,90,100,1.52
405,Fare,PF,2021-11-28 20:11:12,-16.7,-151.0167,81.32,74,75,12.48
406,Saint-Etienne,FR,2021-11-28 20:11:13,45.4333,4.4,32.63,93,90,6.91
407,Cabo San Lucas,MX,2021-11-28 20:09:45,22.8909,-109.9124,79.9,65,90,0.0
408,Kota Belud,MY,2021-11-28 20:11:13,6.351,116.4305,75.06,87,100,3.53
409,Dabeiba,CO,2021-11-28 20:11:14,7.0017,-76.2672,80.56,87,75,3.76
410,Taltal,CL,2021-11-28 20:11:14,-25.4,-70.4833,66.31,66,25,6.04
411,Miranda,CO,2021-11-28 20:11:15,3.2499,-76.2281,82.53,60,84,3.02
412,Moron,AR,2021-11-28 20:12:15,-34.6534,-58.6198,65.89,96,100,7.45
413,Patiya,BD,2021-11-28 20:12:16,22.2931,91.9762,60.71,84,8,3.85
414,Kavaratti,IN,2021-11-28 20:12:16,10.5669,72.642,80.58,79,100,11.27
415,Yinchuan,CN,2021-11-28 20:12:16,38.4681,106.2731,32.47,24,99,10.87
416,Takoradi,GH,2021-11-28 20:12:17,4.8845,-1.7554,80.58,80,99,6.35
417,Fernley,US,2021-11-28 20:10:02,39.608,-119.2518,57.31,26,1,2.01
418,Sidney,AU,2021-11-28 20:11:41,-33.8679,151.2073,60.1,72,75,8.05
419,Krasnoyarsk,RU,2021-11-28 20:11:41,56.0097,92.7917,23.4,85,96,14.79
420,Muchkapskiy,RU,2021-11-28 20:12:18,51.8513,42.4717,41.11,95,100,7.07
421,Mudanjiang,CN,2021-11-28 20:07:59,44.5833,129.6,29.8,93,94,7.0
422,Kotovo,RU,2021-11-28 20:12:18,50.3211,44.8012,39.45,97,95,7.31
423,Xuddur,SO,2021-11-28 20:12:19,4.1213,43.8894,76.82,67,23,9.22
424,Bosaso,SO,2021-11-28 20:12:19,11.2842,49.1816,76.98,70,17,0.49
425,Taihe,CN,2021-11-28 20:12:20,30.8712,105.3845,56.21,73,100,4.32
426,Xiangfan,CN,2021-11-28 20:12:20,32.0422,112.1448,48.47,67,30,3.51
427,Skjervoy,NO,2021-11-28 20:12:20,70.0311,20.9714,17.78,60,100,14.88
428,Talcahuano,CL,2021-11-28 20:12:21,-36.7167,-73.1167,65.88,45,0,23.02
429,Los Llanos De Aridane,ES,2021-11-28 20:12:21,28.6585,-17.9182,60.55,77,75,19.57
430,Maua,BR,2021-11-28 20:10:46,-23.6678,-46.4614,82.2,62,61,6.31
431,Bakchar,RU,2021-11-28 20:12:22,57.0186,82.0711,15.39,97,100,6.2
432,Verkhnevilyuysk,RU,2021-11-28 20:12:22,63.4453,120.3167,-15.09,100,88,3.83
433,Bilibino,RU,2021-11-28 20:12:22,68.0546,166.4372,-7.42,99,95,3.69
434,Ariogala,LT,2021-11-28 20:12:23,55.2667,23.4667,33.71,93,100,7.43
435,Ossora,RU,2021-11-28 20:12:23,59.2353,163.0719,31.89,99,100,19.89
436,Codrington,AU,2021-11-28 20:12:24,-38.2667,141.9667,48.04,92,1,7.99
437,Tagusao,PH,2021-11-28 20:12:24,9.1924,117.8141,79.48,82,100,4.21
438,Anqiu,CN,2021-11-28 20:12:24,36.4342,119.1925,49.96,83,100,1.86
439,Chapais,CA,2021-11-28 20:12:25,49.7834,-74.8492,15.58,87,100,6.26
440,Viedma,AR,2021-11-28 20:12:25,-40.8135,-62.9967,75.27,23,0,10.56
441,Mokhsogollokh,RU,2021-11-28 20:12:26,61.4681,128.9203,-2.83,94,100,6.67
442,Mayya,RU,2021-11-28 20:12:26,61.7333,130.2811,-4.68,96,100,6.78
443,Saint-Augustin,CA,2021-11-28 20:12:26,51.226,-58.6502,34.81,80,100,24.23
444,Havre-Saint-Pierre,CA,2021-11-28 20:12:27,50.2334,-63.5986,35.6,80,90,16.11
445,Matagami,CA,2021-11-28 20:12:27,49.7502,-77.6328,15.91,92,90,3.44
446,Prince Rupert,CA,2021-11-28 20:12:28,54.3161,-130.3201,42.49,78,90,9.22
447,Gravdal,NO,2021-11-28 20:12:28,68.1214,13.5031,28.08,100,75,5.75
448,Shar,KZ,2021-11-28 20:12:28,49.5886,81.0453,10.47,84,5,8.25
449,Gorontalo,ID,2021-11-28 20:12:29,0.5412,123.0595,75.09,95,100,3.22
450,Westlock,CA,2021-11-28 20:12:29,54.1502,-113.8688,37.78,99,100,11.32
451,Magdagachi,RU,2021-11-28 20:12:30,53.45,125.8,4.78,62,0,6.17
452,Sao Joao Da Barra,BR,2021-11-28 20:12:30,-21.6403,-41.0511,73.49,88,90,5.66
453,Erzin,TR,2021-11-28 20:12:30,36.9559,36.2,52.52,58,5,3.33
454,Valparaiso,CL,2021-11-28 20:12:31,-33.0393,-71.6273,82.04,30,0,16.11
455,Kovdor,RU,2021-11-28 20:12:31,67.5662,30.4758,2.48,98,100,3.87
456,Sawakin,SD,2021-11-28 20:12:32,19.1059,37.3321,81.07,76,24,7.38
457,Vila Velha,BR,2021-11-28 20:12:32,-20.3297,-40.2925,76.95,83,75,14.97
458,Leopold,AU,2021-11-28 20:13:32,-38.1833,144.4667,52.32,93,0,4.61
459,Santander,ES,2021-11-28 20:13:33,43.4647,-3.8044,51.12,93,75,23.02
460,Lasa,IT,2021-11-28 20:13:33,46.6166,10.7002,30.11,94,100,6.58
461,Alihe,CN,2021-11-28 20:13:34,50.5667,123.7167,7.63,98,77,2.84
462,Calabar,NG,2021-11-28 20:13:34,4.9517,8.322,77.77,87,50,2.62
463,Jining,CN,2021-11-28 20:13:34,35.405,116.5814,46.24,86,4,1.9
464,Daloa,CI,2021-11-28 20:13:35,6.8774,-6.4502,78.93,65,72,3.56
465,Champerico,GT,2021-11-28 20:13:35,14.3,-91.9167,91.94,69,39,6.67
466,Ankara,TR,2021-11-28 20:13:22,39.9199,32.8543,47.32,78,4,4.7
467,Grand-Santi,GF,2021-11-28 20:13:36,4.25,-54.3833,86.99,57,58,5.14
468,Sakaiminato,JP,2021-11-28 20:13:36,35.55,133.2333,49.44,62,100,6.98
469,Bailieborough,IE,2021-11-28 20:13:37,53.9167,-6.9667,34.52,91,77,4.14
470,Machakos,KE,2021-11-28 20:13:37,-1.5167,37.2667,62.55,92,63,2.75
471,Troutdale,US,2021-11-28 20:13:37,45.5393,-122.3873,61.99,65,1,11.5
472,Avera,US,2021-11-28 20:13:38,33.194,-82.5271,60.67,32,80,9.15
473,Beira,MZ,2021-11-28 20:13:38,-19.8436,34.8389,73.49,78,0,6.91
474,Pozo Colorado,PY,2021-11-28 20:13:39,-23.4923,-58.7972,79.29,74,100,11.9
475,Lock Haven,US,2021-11-28 20:13:39,41.137,-77.4469,40.15,84,100,8.19
476,Green Valley,US,2021-11-28 20:13:39,31.8543,-110.9937,76.96,14,0,8.5
477,Oksovskiy,RU,2021-11-28 20:13:40,62.6062,39.8984,12.22,89,100,7.34
478,Ucluelet,CA,2021-11-28 20:13:35,48.9329,-125.5528,52.11,95,100,2.01
479,Lahaina,US,2021-11-28 20:09:17,20.8783,-156.6825,80.6,69,8,11.41
480,Atikokan,CA,2021-11-28 20:13:40,48.7555,-91.6216,26.47,68,100,8.32
481,Sabha,LY,2021-11-28 20:13:41,27.0377,14.4283,75.78,19,100,11.97
482,Singaraja,ID,2021-11-28 20:13:41,-8.112,115.0882,75.29,88,100,1.99
483,Changli,CN,2021-11-28 20:13:42,39.7042,119.1506,41.36,87,52,3.11
484,Ulagan,RU,2021-11-28 20:13:42,50.6321,87.9563,9.73,93,99,0.94
485,Anadyr,RU,2021-11-28 20:13:43,64.75,177.4833,2.41,95,100,1.66
486,Pingzhuang,CN,2021-11-28 20:13:43,42.0372,119.2889,30.27,71,100,5.99
487,San Diego,US,2021-11-28 20:12:29,32.7153,-117.1573,87.08,22,1,9.22
488,Sasayama,JP,2021-11-28 20:13:44,35.0667,135.2167,37.31,80,84,2.19
489,Puerto Escondido,MX,2021-11-28 20:13:44,15.85,-97.0667,86.83,58,40,5.75
490,Flinders,AU,2021-11-28 20:13:45,-34.5833,150.8552,57.31,79,82,5.03
491,Itoman,JP,2021-11-28 20:13:45,26.1247,127.6694,69.82,68,75,12.66
492,Rock Sound,BS,2021-11-28 20:09:02,24.9,-76.2,75.87,65,48,1.95
493,Ramshir,IR,2021-11-28 20:13:46,30.8946,49.4092,68.85,39,70,5.61
494,Murgab,TM,2021-11-28 20:13:46,37.4966,61.9714,50.38,47,6,9.08
495,Xam Nua,LA,2021-11-28 20:13:47,20.4197,104.0439,51.71,98,92,1.39
496,Hinton,CA,2021-11-28 20:13:47,53.4001,-117.5857,33.84,89,100,7.45
497,Satipo,PE,2021-11-28 20:13:48,-11.2522,-74.6386,84.76,55,100,2.46
498,Wajid,SO,2021-11-28 20:13:48,3.8093,43.2471,78.71,64,14,9.15
499,Manavalakurichi,IN,2021-11-28 20:13:48,8.1333,77.3,75.29,88,100,6.69
500,Truth Or Consequences,US,2021-11-28 20:13:49,33.1284,-107.2528,62.83,21,1,5.75
501,Melfort,CA,2021-11-28 20:13:49,52.8667,-104.6177,28.53,64,100,6.91
502,Isangel,VU,2021-11-28 20:14:50,-19.55,169.2667,79.93,79,100,6.51
503,Cayenne,GF,2021-11-28 20:14:50,4.9333,-52.3333,80.64,89,75,16.11
504,Verkhniye Sergi,RU,2021-11-28 20:14:50,56.6469,59.5556,26.19,68,100,12.21
505,Skegness,GB,2021-11-28 20:14:51,53.1436,0.3363,34.09,84,97,17.65
506,Stepnyak,KZ,2021-11-28 20:14:51,52.8339,70.7803,12.58,73,98,9.66
507,Tianpeng,CN,2021-11-28 20:12:56,30.9866,103.9393,52.32,75,100,2.84
508,Pauini,BR,2021-11-28 20:14:52,-7.7136,-66.9764,79.9,73,100,2.53
509,Zlobin,HR,2021-11-28 20:14:52,45.2924,14.6541,34.9,87,75,10.36
510,Itarema,BR,2021-11-28 20:14:52,-2.9248,-39.9167,83.25,69,33,15.93
511,Teguise,ES,2021-11-28 20:14:53,29.0605,-13.564,61.02,63,20,14.97
512,Ulladulla,AU,2021-11-28 20:14:53,-35.35,150.4667,57.38,72,95,3.62
513,Barreirinhas,BR,2021-11-28 20:14:54,-2.7469,-42.8264,84.06,68,100,10.76
514,La Rioja,ES,2021-11-28 20:14:54,42.25,-2.5,33.58,98,100,12.21
515,Tezu,IN,2021-11-28 20:14:54,27.9167,96.1667,60.84,49,0,4.23
516,Naryan-Mar,RU,2021-11-28 20:14:55,67.6713,53.087,-8.09,100,82,5.64
517,Hirara,JP,2021-11-28 20:14:55,24.8,125.2833,70.47,84,100,27.76
518,Tahoua,NE,2021-11-28 20:14:56,14.8888,5.2692,80.76,11,100,9.89
519,Nome,US,2021-11-28 20:14:56,64.5011,-165.4064,-21.93,76,1,3.44
520,Peniche,PT,2021-11-28 20:14:56,39.3558,-9.3811,56.68,88,72,20.87
521,Porto Novo,BJ,2021-11-28 20:14:57,6.4965,2.6036,84.02,79,98,8.3
522,Edson,CA,2021-11-28 20:12:45,53.5835,-116.4356,37.98,90,100,4.34
523,Acari,PE,2021-11-28 20:14:57,-15.4311,-74.6158,77.47,56,77,10.31
524,Nuevo Progreso,MX,2021-11-28 20:14:58,23.1667,-97.95,68.31,79,99,12.03
525,Constantine,DZ,2021-11-28 20:14:58,36.365,6.6147,41.16,71,57,13.29
526,Chokurdakh,RU,2021-11-28 20:14:58,70.6333,147.9167,-39.28,100,75,0.56
527,Gboko,NG,2021-11-28 20:14:59,7.3179,8.9951,84.2,21,100,3.49
528,Gohpur,IN,2021-11-28 20:14:59,26.8833,93.6333,59.04,66,0,2.51
529,Roald,NO,2021-11-28 20:15:00,62.5833,6.1333,26.74,68,0,12.66
530,Pionerskiy,RU,2021-11-28 20:15:00,54.9508,20.2275,35.44,86,100,9.15
531,Mitchell,US,2021-11-28 20:13:16,43.7094,-98.0298,48.18,49,1,9.22
532,Auki,SB,2021-11-28 20:15:00,-8.7676,160.7034,78.78,85,82,4.38
533,Okha,RU,2021-11-28 20:15:01,53.5739,142.9478,22.17,71,100,8.68
534,Soller,ES,2021-11-28 20:15:01,39.7662,2.7152,53.22,75,74,29.1
535,Berlevag,NO,2021-11-28 20:15:02,70.8578,29.0864,10.35,79,35,29.93
536,Gizo,SB,2021-11-28 20:15:02,-8.103,156.8419,82.74,75,93,8.14
537,Bonavista,CA,2021-11-28 20:15:02,48.6499,-53.1147,39.2,79,9,19.82
538,Bathsheba,BB,2021-11-28 20:15:03,13.2167,-59.5167,84.81,70,40,14.97
539,Yazd,IR,2021-11-28 20:15:03,31.8972,54.3675,55.51,50,100,4.61
540,Jacmel,HT,2021-11-28 20:15:04,18.2342,-72.5347,85.84,70,60,3.47
541,Nurota,UZ,2021-11-28 20:15:04,40.5614,65.6886,32.09,50,4,3.51
542,Am Timan,TD,2021-11-28 20:15:04,11.0297,20.2827,81.82,20,4,4.63
543,Miramar,US,2021-11-28 20:14:01,25.9873,-80.2323,78.82,50,1,10.36
544,Sioux Lookout,CA,2021-11-28 20:15:05,50.1001,-91.917,23.38,68,90,9.22
545,Hammerfest,NO,2021-11-28 20:12:22,70.6634,23.6821,17.33,72,0,16.11
546,Mossendjo,CG,2021-11-28 20:15:05,-2.9506,12.7261,69.85,98,98,2.13
547,Grand-Lahou,CI,2021-11-28 20:15:06,5.1367,-5.0242,79.92,81,4,7.94
548,Pacific Grove,US,2021-11-28 20:15:06,36.6177,-121.9166,73.51,35,1,5.75
549,Aksu,CN,2021-11-28 20:10:32,41.1231,80.2644,26.94,59,4,3.67
550,Bitam,GA,2021-11-28 20:15:07,2.076,11.5007,73.06,80,98,2.86
551,Srednekolymsk,RU,2021-11-28 20:16:07,67.45,153.6833,-33.38,98,100,8.63
552,Slobodskoy,RU,2021-11-28 20:16:08,58.7322,50.1772,33.93,98,100,10.51
553,Kiama,AU,2021-11-28 20:16:08,-34.6833,150.8667,57.47,80,82,6.24
554,Soto La Marina,MX,2021-11-28 20:16:09,23.7667,-98.2167,76.32,47,100,11.52
555,Giyani,ZA,2021-11-28 20:16:09,-23.3025,30.7187,75.74,52,100,5.61
556,Glomfjord,NO,2021-11-28 20:16:10,66.8167,13.9667,23.27,75,100,6.73
557,Waingapu,ID,2021-11-28 20:16:10,-9.6567,120.2641,79.48,80,100,4.25
558,Sao Gabriel Da Cachoeira,BR,2021-11-28 20:16:10,-0.1303,-67.0892,85.62,69,93,0.81
559,San Alberto,CO,2021-11-28 20:16:11,7.7611,-73.3922,85.05,77,47,1.41
560,Korla,CN,2021-11-28 20:16:11,41.7597,86.1469,23.49,49,0,3.15
561,Bundaberg,AU,2021-11-28 20:16:12,-24.85,152.35,71.89,100,90,9.22
562,Mantua,IT,2021-11-28 20:16:12,45.1667,10.7833,41.61,85,100,6.93
563,Crotone,IT,2021-11-28 20:16:13,39.0851,17.1178,57.33,71,8,17.87
564,Nishihara,JP,2021-11-28 20:16:14,26.1842,127.7558,69.08,73,75,13.8
565,Uchana,IN,2021-11-28 20:16:14,29.4667,76.1667,61.83,37,0,5.08
566,Gazli,UZ,2021-11-28 20:16:15,40.1333,63.45,45.82,40,0,6.04
567,Khash,IR,2021-11-28 20:16:15,28.2211,61.2158,52.59,37,15,1.92
