City_ID,City,Lat,Lng,Max Temp,Humidity,Cloudiness,Wind Speed
0,Victoria,22.2855,114.1577,69.85,55,5,6.6
1,Tuktoyaktuk,69.4541,-133.0374,-11.2,77,90,17.27
2,Ushuaia,-54.8,-68.3,40.66,81,75,24.16
3,Lourdes,43.1,-0.05,34.72,100,90,8.05
4,Lebu,-37.6167,-73.65,53.2,79,7,18.95
5,Airai,-8.9266,125.4092,71.8,65,100,0.47
6,Vaini,-21.2,-175.2,82.56,78,40,12.66
7,Nova Vicosa,-17.8919,-39.3719,75.65,91,57,15.9
8,Saint-Philippe,-21.3585,55.7679,72.99,84,42,5.93
9,Dabhol,17.6,73.1667,71.19,58,100,6.93
10,Henties Bay,-22.116,14.2845,58.41,93,0,2.3
11,Fortuna Foothills,32.6578,-114.4119,78.89,10,1,8.05
12,Busselton,-33.65,115.3333,66.54,69,99,8.57
13,Talnakh,69.4865,88.3972,-17.25,99,99,4.29
14,Atuona,-9.8,-139.0333,78.55,74,6,16.96
15,Necochea,-38.5473,-58.7368,59.83,97,100,10.22
16,Hilo,19.7297,-155.09,76.39,76,36,15.19
17,Yellowknife,62.456,-114.3525,18.12,100,90,10.36
18,Lagoa,39.05,-27.9833,60.15,56,97,3.24
19,Wanlaweyn,2.6185,44.8938,76.98,83,9,4.32
20,Cidreira,-30.1811,-50.2056,70.83,90,100,10.85
21,Belturbet,54.1,-7.45,37.58,88,100,1.36
22,Rikitea,-23.1203,-134.9692,76.84,72,0,18.19
23,Ishigaki,24.3448,124.1572,71.73,83,75,17.27
24,Yar-Sale,66.8333,70.8333,-0.87,92,100,11.03
25,Punta Arenas,-53.15,-70.9167,44.71,70,75,31.07
26,Hermanus,-34.4187,19.2345,62.08,88,100,5.75
27,Olafsvik,64.8945,-23.7142,38.7,89,84,10.11
28,Husavik,66.0449,-17.3389,30.11,97,100,6.4
29,Aksu,41.1231,80.2644,23.13,66,9,2.62
30,Dhidhdhoo,6.8833,73.1,80.29,79,94,9.15
31,Avarua,-21.2078,-159.775,78.85,65,75,8.05
32,Iqaluit,63.7506,-68.5145,24.53,68,90,13.8
33,Asau,46.4333,26.4,41.92,78,100,4.65
34,Visnes,59.3556,5.2242,22.89,93,6,4.61
35,Bathsheba,13.2167,-59.5167,81.21,78,20,13.8
36,Bonavista,48.6499,-53.1147,37.4,81,57,16.62
37,Souillac,-20.5167,57.5167,71.98,88,40,4.61
38,Tiksi,71.6872,128.8694,-16.01,99,99,6.35
39,Port Alfred,-33.5906,26.891,64.36,81,41,11.77
40,Kaabong,3.4836,34.1492,66.47,72,99,10.2
41,Albany,42.6001,-73.9662,30.61,97,85,0.69
42,Puerto Ayora,-0.7393,-90.3518,69.6,81,78,10.96
43,Cap Malheureux,-19.9842,57.6142,72.09,68,2,7.85
44,East London,-33.0153,27.9116,66.13,76,2,7.4
45,Half Moon Bay,37.4636,-122.4286,65.98,55,1,9.22
46,Edson,53.5835,-116.4356,30.34,93,1,3.44
47,Carauari,-4.8828,-66.8958,74.52,98,100,2.64
48,Mahebourg,-20.4081,57.7,71.89,88,40,4.61
49,Severo-Kurilsk,50.6789,156.125,34.11,71,99,16.49
50,Victor Harbor,-35.5667,138.6167,78.89,37,0,2.57
51,Tupik,54.4253,119.9327,1.69,85,100,1.48
52,Kapaa,22.0752,-159.319,76.91,69,84,14.45
53,Buala,-8.145,159.5921,87.39,63,49,5.99
54,Semirom,31.4167,51.5667,38.68,57,100,1.92
55,Iskateley,67.6803,53.1512,1.92,97,100,9.08
56,Mataura,-46.1927,168.8643,70.99,27,4,6.89
57,Karad,17.2833,74.2,65.75,86,100,5.86
58,San Cristobal,7.7669,-72.225,73.58,95,22,1.21
59,Alofi,-19.0595,-169.9187,82.29,54,0,16.11
60,Ribeira Grande,38.5167,-28.7,62.13,64,82,6.46
61,Ruma,45.0081,19.8222,42.62,93,100,8.14
62,Santa Maria Del Oro,25.9333,-105.3667,56.35,47,91,7.94
63,Beloha,-25.1667,45.05,63.63,68,0,13.2
64,Pasighat,28.0667,95.3333,59.94,51,2,3.18
65,The Valley,18.217,-63.0578,80.74,78,20,8.05
66,Marzuq,14.4,46.4667,59.83,33,0,3.74
67,Yaring,6.8662,101.3689,73.44,96,100,7.7
68,Agirish,61.9247,63.0231,24.94,95,100,7.54
69,Alugan,12.2188,125.4808,82.22,83,100,10.47
70,Inhambane,-23.865,35.3833,70.57,74,100,8.95
71,Hobart,-42.8794,147.3294,64.26,63,20,12.66
72,Nuuk,64.1835,-51.7216,36.95,87,100,27.89
73,Hervey Bay,-25.2986,152.8535,77.11,88,100,11.9
74,Georgetown,5.4112,100.3354,78.73,94,20,0.0
75,Road Town,18.4167,-64.6167,80.64,83,20,4.61
76,Hualmay,-11.0964,-77.6139,66.31,84,91,9.28
77,Avera,33.194,-82.5271,51.46,49,99,9.08
78,Plettenberg Bay,-34.0527,23.3716,61.32,86,46,5.19
79,Nikolskoye,59.7035,30.7861,21.09,91,100,6.31
80,Pangnirtung,66.1451,-65.7125,12.78,72,100,9.93
81,Jamestown,42.097,-79.2353,33.39,100,90,9.22
82,Amvrosiyivka,47.7935,38.4777,51.01,97,100,13.62
83,Rocha,-34.4833,-54.3333,63.66,98,100,3.11
84,Bethel,41.3712,-73.414,36.18,80,90,0.0
85,Bluff,-46.6,168.3333,58.19,68,68,19.22
86,Qaanaaq,77.484,-69.3632,-7.73,68,7,8.37
87,Paamiut,61.994,-49.6678,37.42,85,100,22.79
88,Lasa,46.6166,10.7002,23.74,93,100,6.38
89,Butaritari,3.0707,172.7902,81.73,78,100,12.97
90,Guerrero Negro,27.9769,-114.0611,69.3,55,0,9.64
91,Cape Town,-33.9258,18.4232,61.21,100,75,4.61
92,Verkhoyansk,67.5447,133.385,-25.37,100,99,1.79
93,Mehamn,71.0357,27.8492,10.98,92,65,14.83
94,Nalut,30.3333,10.85,49.96,58,81,15.3
95,Faanui,-16.4833,-151.75,81.37,72,71,8.12
96,Ilebo,-4.3167,20.5833,68.83,99,100,1.28
97,Yenotayevka,47.2456,47.0281,40.37,95,99,8.52
98,Shelburne,44.0787,-80.2041,27.05,98,99,5.35
99,Luderitz,-26.6481,15.1594,59.41,84,67,5.97
100,Mayo,38.8876,-76.5119,40.98,61,100,10.07
101,Vestmannaeyjar,63.4427,-20.2734,45.19,92,100,18.95
102,Flinders,-34.5833,150.8552,65.48,65,74,4.43
103,Longyearbyen,78.2186,15.6401,10.24,61,75,21.85
104,Provideniya,64.3833,-173.3,-3.89,50,0,8.95
105,Deputatskiy,69.3,139.9,-12.53,96,100,4.88
106,Odweyne,9.4092,45.064,67.44,26,11,17.18
107,Rio Grande,-32.035,-52.0986,70.83,90,65,12.75
108,Westport,41.1415,-73.3579,34.11,86,100,2.71
109,Port Blair,11.6667,92.75,79.92,78,5,9.19
110,Bucerias,20.75,-105.3333,74.32,72,14,2.89
111,Thompson,55.7435,-97.8558,-2.04,84,75,2.3
112,Bagacay,12.9821,124.1415,82.0,82,99,10.87
113,Bambous Virieux,-20.3428,57.7575,71.85,88,40,4.61
114,Mabay,6.0577,124.4666,83.82,71,96,2.3
115,Lavrentiya,65.5833,-171.0,-12.5,91,9,7.47
116,Fairbanks,64.8378,-147.7164,-25.64,69,1,0.0
117,Pontianak,-0.0333,109.3333,75.18,94,20,3.44
118,Narsaq,60.9167,-46.05,37.44,99,100,2.59
119,Vao,-22.6667,167.4833,75.96,89,59,19.48
120,Arraial Do Cabo,-22.9661,-42.0278,73.2,86,0,4.83
121,Bagdarin,54.4333,113.6,-0.94,89,100,2.08
122,Praia Da Vitoria,38.7333,-27.0667,50.25,100,0,1.83
123,Los Llanos De Aridane,28.6585,-17.9182,62.35,72,75,14.97
124,Gat,31.61,34.7642,61.48,34,29,2.75
125,Coihaique,-45.5752,-72.0662,55.35,50,75,8.05
126,Saskylakh,71.9167,114.0833,-21.01,100,99,4.9
127,Kodiak,57.79,-152.4072,13.26,64,67,3.51
128,Neiafu,-18.65,-173.9833,83.08,61,20,12.66
129,Cherskiy,68.75,161.3,-17.39,98,100,5.95
130,Chuy,-33.6971,-53.4616,64.22,96,100,4.79
131,Hobyo,5.3505,48.5268,80.65,77,22,17.16
132,Carutapera,-1.195,-46.02,79.59,80,15,6.91
133,Carnarvon,-24.8667,113.6333,84.27,45,0,16.11
134,Padang,-0.9492,100.3543,78.85,77,100,1.63
135,Kaitangata,-46.2817,169.8464,69.93,31,6,6.13
136,Umm Lajj,25.0213,37.2685,82.74,37,100,11.95
137,Terrace,54.5163,-128.6035,40.91,75,75,12.66
138,Porto Belo,-27.1578,-48.5531,75.15,88,94,2.59
139,Ayolas,-27.4,-56.9,67.06,94,3,4.07
140,Pontes E Lacerda,-15.2261,-59.3353,73.04,96,50,3.87
141,Lorengau,-2.0226,147.2712,85.48,68,48,3.94
142,Guozhen,34.3659,107.359,38.35,75,100,2.39
143,Nabire,-3.3667,135.4833,87.58,63,97,2.04
144,Kavaratti,10.5669,72.642,80.82,80,100,18.03
145,Nyrob,60.733,56.7202,30.76,96,100,10.98
146,Mar Del Plata,-38.0023,-57.5575,62.62,100,90,11.5
147,Clarence Town,-32.5833,151.7833,67.91,69,100,2.91
148,Colares,38.7992,-9.4469,58.19,81,49,19.82
149,Meybod,32.2501,54.0166,48.22,51,96,6.49
150,Chumikan,54.7183,135.315,0.64,87,2,8.16
151,Coquimbo,-29.9533,-71.3436,60.53,82,0,10.36
152,Zhuhai,22.2769,113.5678,69.58,68,0,14.97
153,Pangody,65.85,74.4859,-5.13,95,100,8.59
154,Acapulco,16.8634,-99.8901,78.1,80,49,4.9
155,Vostok,46.4856,135.8833,28.13,94,99,6.26
156,Alihe,50.5667,123.7167,11.46,80,13,2.26
157,Alberton,46.8168,-64.0654,30.11,70,52,17.27
158,Kieta,-6.2167,155.6333,85.17,67,100,4.54
159,Bud,39.447,-86.1758,33.82,55,1,6.98
160,Castro,-24.7911,-50.0119,68.95,60,100,7.05
161,Kathmandu,27.7167,85.3167,46.62,93,20,3.44
162,Marsh Harbour,26.5412,-77.0636,72.82,69,94,4.94
163,Kahului,20.8947,-156.47,79.86,70,15,14.74
164,Tasiilaq,65.6145,-37.6368,18.46,95,100,7.0
165,Nantucket,41.2835,-70.0995,37.45,86,100,10.54
166,Tiznit,29.5833,-9.5,54.79,39,0,3.38
167,Vilhena,-12.7406,-60.1458,70.03,91,100,3.58
168,Takoradi,4.8845,-1.7554,79.56,83,30,8.21
169,Sabang,5.8933,95.3214,79.74,76,100,3.58
170,Nome,64.5011,-165.4064,-19.97,98,17,4.74
171,Raudeberg,61.9875,5.1352,27.27,60,81,7.83
172,Baykit,61.67,96.37,11.1,89,100,10.76
173,Nanortalik,60.1432,-45.2371,38.93,97,100,11.63
174,Bilibino,68.0546,166.4372,1.49,97,100,2.37
175,Kosonsoy,41.2561,71.5508,28.96,21,87,3.42
176,Katwa,23.6399,88.128,63.41,66,100,5.88
177,Havre,49.5833,0.3333,38.97,81,90,5.75
178,Dikson,73.5069,80.5464,-14.84,100,100,15.01
179,Port Elizabeth,-33.918,25.5701,62.89,88,0,10.36
180,Vila Franca Do Campo,37.7167,-25.4333,59.41,64,86,3.44
181,Hasaki,35.7333,140.8333,46.8,45,99,7.29
182,Warri,5.5167,5.75,77.0,91,100,1.23
183,Barrow,71.2906,-156.7887,-8.43,96,100,8.52
184,Purranque,-40.9167,-73.1667,61.93,73,6,3.51
185,Villanueva De Cordoba,38.3228,-4.6287,37.13,93,100,10.29
186,Ornskoldsvik,63.2909,18.7153,13.15,100,100,4.61
187,San Patricio,28.017,-97.5169,60.66,70,99,9.71
188,Guanare,9.0418,-69.7421,82.42,74,100,3.44
189,Wisla,49.6563,18.8591,34.18,96,100,4.23
190,Sovetskiy,61.3614,63.5842,27.01,94,100,9.01
191,Ixtapa,20.7,-105.2,71.96,76,14,1.61
192,Tuy Hoa,13.0833,109.3,76.33,92,100,3.89
193,Tura,25.5198,90.2201,58.5,65,24,3.22
194,Goma,-1.6792,29.2228,61.36,85,29,2.75
195,Pisco,-13.7,-76.2167,66.25,82,0,13.8
196,Khor,47.8861,134.9464,23.07,96,100,10.07
197,Kavieng,-2.5744,150.7967,83.59,75,97,9.28
198,Vacha,55.8008,42.7706,32.49,98,100,5.21
199,Baglung,28.2719,83.5898,51.1,53,56,5.95
200,Cabinda,-5.55,12.2,78.33,90,100,4.21
201,Port Hedland,-20.3167,118.5667,89.65,45,0,8.05
202,Erechim,-27.6342,-52.2739,66.24,92,93,4.32
203,Gambo,4.6482,22.2633,71.2,58,53,0.27
204,Strezhevoy,60.7333,77.5889,24.78,95,100,9.55
205,Lompoc,34.6391,-120.4579,75.34,41,0,5.82
206,Cascais,38.6979,-9.4215,58.35,81,38,18.88
207,Lata,40.1629,-8.3327,52.21,91,75,10.31
208,Dingle,10.9995,122.6711,82.85,79,39,9.51
209,Prilep,41.3464,21.5544,41.47,90,100,6.91
210,Sola,-13.8833,167.55,83.07,84,90,0.0
211,Hithadhoo,-0.6,73.0833,81.61,76,41,18.59
212,Wukari,7.85,9.7833,73.4,27,37,1.68
213,Sitka,57.0531,-135.33,31.89,80,75,4.61
214,Benghazi,32.1167,20.0667,71.74,73,100,15.46
215,Belogorsk,50.9158,128.4611,2.01,89,5,7.07
216,Ponta Do Sol,32.6667,-17.1,65.03,75,3,7.92
217,Hambantota,6.1241,81.1185,75.54,100,75,3.44
218,Gizo,-8.103,156.8419,85.48,67,99,5.77
219,Udachnyy,66.4167,112.4,-22.4,99,98,1.97
220,Burnie,-41.0667,145.9167,59.76,59,96,6.85
221,Chokurdakh,70.6333,147.9167,-38.85,100,95,0.76
222,Teterow,53.7833,12.5667,37.56,98,100,6.35
223,Cabo San Lucas,22.8909,-109.9124,78.1,73,90,6.91
224,Vila Velha,-20.3297,-40.2925,71.55,88,40,9.22
225,Alto Araguaia,-17.3147,-53.2153,73.09,84,100,2.26
226,Camocim,-2.9022,-40.8411,79.88,81,32,12.03
227,Buin,-33.7333,-70.75,77.32,28,8,0.72
228,Alice Springs,-23.7,133.8833,80.15,28,0,12.66
229,Akureyri,65.6835,-18.0878,32.31,98,100,5.88
230,Bredasdorp,-34.5322,20.0403,62.91,78,100,4.18
231,Nelson Bay,-32.7167,152.15,68.05,70,93,5.32
232,Egvekinot,66.3167,-179.1667,-4.27,94,100,1.86
233,Mbekenyera,-10.0,38.9833,68.88,94,99,1.5
234,Lake City,30.1897,-82.6393,55.44,62,90,8.05
235,Miraflores,19.2167,-98.8083,65.05,65,91,2.19
236,Diffa,13.3154,12.6113,71.24,24,75,8.41
237,Igarka,67.4667,86.5833,-23.46,100,100,2.17
238,Torbay,47.6666,-52.7314,43.84,79,13,16.28
239,Juneau,58.3019,-134.4197,32.0,74,75,12.66
240,Maneadero,31.7167,-116.5667,62.6,48,0,3.89
241,Esil,51.9556,66.4042,11.55,80,100,6.24
242,Aripuana,-9.1667,-60.6333,75.2,91,100,0.51
243,Ilulissat,69.2167,-51.1,13.6,73,100,2.46
244,Grootfontein,-19.5667,18.1167,67.93,70,98,8.52
245,Charagua,-19.8,-63.2167,64.17,87,100,6.2
246,Guasdualito,7.2424,-70.7324,80.6,89,100,0.0
247,Camacha,33.0833,-16.3333,61.56,67,40,11.5
248,Mount Gambier,-37.8333,140.7667,77.79,26,0,5.41
249,Puerto Del Rosario,28.5004,-13.8627,64.15,59,19,26.46
250,Taltal,-25.4,-70.4833,62.06,80,30,4.12
251,Leeton,-34.5667,146.4,71.55,51,58,7.9
252,Balikpapan,-1.2675,116.8289,76.19,88,20,4.61
253,Saint George,37.1041,-113.5841,68.47,19,1,0.0
254,Namibe,-15.1961,12.1522,70.12,73,96,3.85
255,Laguna,38.421,-121.4238,66.7,59,1,3.44
256,New Norfolk,-42.7826,147.0587,63.9,43,42,4.47
257,Yanam,16.7333,82.2167,77.4,80,73,6.85
258,Vadamadurai,10.4667,78.0833,72.27,95,100,2.59
259,Batagay-Alyta,67.8006,130.4114,-20.04,97,100,3.78
260,Birao,10.2849,22.7882,71.13,24,38,5.32
261,Lazaro Cardenas,17.9583,-102.2,78.17,70,1,5.26
262,Codrington,-38.2667,141.9667,74.48,43,0,2.15
263,Pevek,69.7008,170.3133,2.44,95,100,1.7
264,Fortuna,40.5982,-124.1573,54.52,94,90,0.0
265,Ahipara,-35.1667,173.1667,71.35,59,73,5.97
266,Chapais,49.7834,-74.8492,6.1,98,87,2.71
267,Cantanhede,-3.6333,-44.3767,76.19,91,24,3.42
268,Susacon,6.2298,-72.6901,54.23,91,92,4.99
269,Bartow,27.8964,-81.8431,62.69,67,90,0.0
270,Aguimes,27.9054,-15.4461,63.23,68,40,23.02
271,Bowen,-20.0167,148.2333,75.42,80,100,10.2
272,Tabuk,17.4189,121.4443,79.45,78,82,3.67
273,Parana,-31.732,-60.5238,64.58,62,0,9.78
274,Saldanha,-33.0117,17.9442,61.81,86,99,4.81
275,Genhe,50.7833,121.5167,3.69,94,97,2.48
276,Darnah,32.767,22.6367,73.58,33,100,29.42
277,Cururupu,-1.8283,-44.8683,76.69,89,7,3.51
278,Biak,-0.9131,122.8766,77.27,83,100,2.28
279,Rawson,-43.3002,-65.1023,69.87,30,76,10.69
280,Vidosi,43.7714,17.0283,38.71,94,100,4.03
281,Yerbogachen,61.2767,108.0108,0.52,98,100,3.04
282,Saint-Pierre,-21.3393,55.4781,73.08,83,75,4.61
283,Ullapool,57.8987,-5.1604,32.22,81,100,4.85
284,Veraval,20.9,70.3667,74.98,45,99,10.87
285,Ayacucho,-13.1583,-74.2239,60.71,71,100,4.47
286,Portland,45.5234,-122.6762,56.43,83,100,8.1
287,Lock Haven,41.137,-77.4469,36.09,95,76,6.15
288,Sterling,39.0062,-77.4286,46.4,61,20,8.05
289,Thomaston,32.8882,-84.3266,48.94,66,1,5.75
290,Manokwari,-0.8667,134.0833,83.97,72,87,4.9
291,Bakel,14.905,-12.4568,78.91,25,16,10.11
292,Sulat,11.8103,125.4544,81.81,84,100,8.93
293,The Pas,53.8251,-101.2541,19.78,89,100,9.73
294,Constitucion,-35.3333,-72.4167,54.45,76,0,16.78
295,Nushki,29.5542,66.0215,53.71,30,86,5.21
296,Marang,5.2056,103.2059,77.04,88,100,3.15
297,Agadez,19.75,10.25,68.49,22,5,1.41
298,Luwuk,-0.9516,122.7875,78.98,86,100,1.45
299,Upernavik,72.7868,-56.1549,-8.27,76,61,8.59
300,Marawi,7.9986,124.2928,78.03,72,19,2.51
301,North Bend,43.4065,-124.2243,52.21,95,65,4.25
302,Port Hardy,50.6996,-127.4199,47.95,95,79,4.09
303,Severodvinsk,64.5635,39.8302,5.11,87,100,6.46
304,Sobolevo,54.4299,31.8996,37.13,98,100,10.67
305,Shiyan,32.6475,110.7781,51.37,58,100,4.74
306,Bonthe,7.5264,-12.505,79.36,83,0,5.88
307,Nobeoka,32.5833,131.6667,56.73,59,2,2.73
308,Lodingen,68.414,15.9951,24.94,96,100,12.1
309,Ancud,-41.8697,-73.8203,53.71,86,100,6.53
310,Hofn,64.2539,-15.2082,35.15,87,100,7.38
311,Belmonte,-15.8631,-38.8828,77.5,89,90,13.67
312,Havoysund,70.9963,24.6622,13.08,86,86,7.29
313,Priladozhskiy,59.85,31.4833,20.86,88,100,7.9
314,Jalu,29.0331,21.5482,73.85,21,100,13.51
315,Patrocinio,-18.9439,-46.9925,68.56,81,55,1.1
316,Eldoret,0.5204,35.2699,56.91,86,95,14.09
317,Trelew,-43.249,-65.3051,72.18,23,87,16.35
318,Dodge City,37.7528,-100.0171,53.11,41,3,9.89
319,Nemuro,43.3236,145.575,42.19,68,100,12.15
320,Jequie,-13.8575,-40.0836,71.47,97,100,0.54
321,Bac Lieu,9.285,105.7244,76.35,95,100,11.5
322,Bardiyah,31.7561,25.0865,73.51,34,100,22.35
323,Garowe,8.4054,48.4845,70.16,63,12,6.89
324,Verkhniye Kigi,55.4083,58.6044,19.98,84,96,4.59
325,Prince Rupert,54.3161,-130.3201,38.89,85,100,3.76
326,Innisfail,-17.5333,146.0333,85.73,63,24,7.14
327,Odienne,9.51,-7.5692,74.77,48,0,1.7
328,Meulaboh,4.1363,96.1285,75.74,88,100,3.04
329,Hokitika,-42.7167,170.9667,67.26,74,53,6.96
330,Tuatapere,-46.1333,167.6833,65.57,46,4,9.53
331,Santa Cruz,-17.8,-63.1667,72.86,94,90,5.75
332,Wichita Falls,33.9137,-98.4934,53.74,40,1,5.75
333,Kenai,60.5544,-151.2583,4.32,88,98,8.28
334,Okhotsk,59.3833,143.3,-7.31,87,6,19.53
335,Tabou,4.423,-7.3528,78.84,84,9,6.46
336,Aconibe,1.2968,10.9369,67.21,97,94,0.98
337,Aykhal,66.0,111.5,-13.22,100,100,2.19
338,Toowoomba,-27.55,151.9667,70.83,70,91,11.54
339,Ambilobe,-13.2,49.05,73.51,90,18,3.0
340,Sattahip,12.6664,100.9007,77.09,69,40,10.36
341,Sioux Lookout,50.1001,-91.917,5.2,99,99,3.22
342,Mersin,36.862,34.6509,56.55,68,78,5.23
343,Khatanga,71.9667,102.5,-7.17,98,100,8.84
344,Klaksvik,62.2266,-6.589,36.52,88,100,7.61
345,Narayangarh,30.4833,77.1333,55.76,49,0,1.95
346,Katsuura,35.1333,140.3,48.31,50,96,6.93
347,Puerto Carreno,6.189,-67.4859,81.48,68,62,9.73
348,Conde,-7.2597,-34.9075,78.46,79,11,8.43
349,Bojnurd,37.4747,57.329,47.08,50,28,6.22
350,Sur,22.5667,59.5289,72.64,63,6,5.59
351,Auki,-8.7676,160.7034,86.67,64,63,0.36
352,Arman,59.7,150.1667,11.62,90,100,3.22
353,Margate,51.3813,1.3862,31.86,84,15,22.41
354,Boda,4.3189,17.4695,72.32,44,96,2.17
355,Qasigiannguit,68.8193,-51.1922,25.05,82,100,2.55
356,La Rioja,42.25,-2.5,35.38,98,100,14.88
357,Sicamous,50.8331,-118.9856,43.0,100,100,2.59
358,Borovichi,58.3878,33.9155,26.11,96,100,3.65
359,Kostino,58.9097,53.2691,33.03,97,100,11.3
360,Wiarton,44.7407,-81.1332,28.85,93,75,8.05
361,Talcahuano,-36.7167,-73.1167,56.88,62,0,17.27
362,Concarneau,47.875,-3.9225,43.57,90,64,8.01
363,Clyde River,70.4692,-68.5914,-5.57,84,89,19.57
364,Korhogo,9.45,-5.6333,74.59,39,1,3.06
365,Port Keats,-14.25,129.55,94.23,37,100,2.62
366,Salalah,17.0151,54.0924,75.29,38,0,3.44
367,Leningradskiy,69.3833,178.4167,-20.47,94,67,11.83
368,Edgewater,28.9889,-80.9023,62.98,42,100,7.11
369,Pforzheim,48.8833,8.7,33.12,97,100,5.95
370,Wewak,-3.5534,143.6268,85.1,69,100,2.53
371,Christchurch,-43.5333,172.6333,68.2,68,7,9.22
372,Anta,25.15,76.3,63.01,48,22,6.11
373,Recreio,-21.525,-42.4692,71.01,91,69,0.11
374,Grindavik,63.8424,-22.4338,41.47,100,90,12.66
375,Warrington,53.3925,-2.5802,32.11,86,0,4.61
376,Dongsheng,39.8161,109.9776,23.68,63,100,18.86
377,Knurow,50.2197,18.6507,33.91,97,100,9.24
378,Lalmohan,22.3384,90.7419,66.72,69,70,8.55
379,Glendive,47.1053,-104.7125,49.62,61,1,12.66
380,Athabasca,54.7169,-113.2854,35.42,86,100,10.8
381,Mandalgovi,45.7625,106.2708,16.29,87,100,12.57
382,Saint-Georges,12.0564,-61.7485,80.92,77,90,14.18
383,Mitsamiouli,-11.3847,43.2844,79.48,79,19,8.46
384,Sturgis,41.7992,-85.4192,33.84,93,90,4.61
385,Verkhniy Avzyan,53.5289,57.5372,12.65,90,100,1.86
386,Tubmanburg,6.8708,-10.8172,73.63,96,3,1.81
387,Tarko-Sale,64.9225,77.785,-9.17,97,100,5.46
388,Yulara,-25.2406,130.9889,84.04,16,0,11.5
389,Hay River,60.8156,-115.7999,4.86,93,98,11.27
390,Kindia,10.0569,-12.8658,72.16,84,83,2.62
391,Awjilah,29.1081,21.2869,74.7,21,96,14.52
392,Panzhihua,26.5851,101.7128,52.72,72,11,1.32
393,Lukaya,-0.1489,31.8748,69.85,93,66,3.06
394,Shache,38.4167,77.2406,27.55,42,100,4.34
395,San Andres,12.5847,-81.7006,80.62,83,75,11.5
396,Buchanan,5.8808,-10.0467,78.53,84,0,4.18
397,Lewiston,44.1003,-70.2148,30.54,69,90,0.0
398,Parainen,60.3067,22.301,18.05,79,87,14.38
399,Petropavlovsk-Kamchatskiy,53.0452,158.6483,23.59,54,75,6.71
400,Kruisfontein,-34.0033,24.7314,59.99,85,0,9.01
401,Ostrovnoy,68.0531,39.5131,12.31,79,94,10.09
402,Punalur,9.0,76.9333,74.88,96,100,3.27
403,Berbera,10.4396,45.0143,79.45,59,2,4.03
404,Deniliquin,-35.5333,144.9667,77.74,38,0,5.91
405,Jishou,28.3167,109.7167,53.19,69,99,1.45
406,Kirakira,-10.4544,161.9205,86.27,68,63,7.87
407,Coolum Beach,-26.5333,153.1,73.22,85,100,13.67
408,Batticaloa,7.7102,81.6924,79.3,84,100,8.66
409,Sungaipenuh,-2.0833,101.3833,70.43,66,100,3.47
410,Pitimbu,-7.4706,-34.8086,81.19,78,9,10.25
411,San Jose,37.3394,-121.895,65.91,55,20,5.75
412,Havelock,34.8791,-76.9013,53.55,53,100,6.67
413,Defiance,41.3334,-84.45,35.58,64,90,5.75
414,Miranda,3.2499,-76.2281,71.73,95,72,4.79
415,Panna,24.7167,80.2,57.7,51,100,2.86
416,Labelle,26.7617,-81.4384,66.22,46,56,6.4
417,Shubarshi,48.5872,57.1869,19.22,86,65,3.94
418,Te Anau,-45.4167,167.7167,70.14,30,0,2.33
419,Nouadhibou,20.931,-17.0347,67.53,69,100,20.49
420,Verkhnyaya Inta,65.9811,60.3094,14.76,94,100,10.47
421,Estelle,29.8458,-90.1067,59.0,77,75,0.0
422,Xinyang,32.1228,114.0656,49.73,76,84,3.2
423,Port Perry,44.1068,-78.9444,27.09,94,100,7.4
424,Lakhtar,22.85,71.7833,69.31,39,98,7.31
425,Denison,33.7557,-96.5367,51.62,55,1,6.33
426,Zamania,25.4333,83.5667,59.59,54,11,6.2
427,Carepa,7.7585,-76.6525,75.51,95,100,1.45
428,Aktau,43.65,51.2,34.38,47,11,11.07
429,Puerto Lleras,3.0223,-73.4044,73.02,96,54,2.64
430,Gagino,55.2314,45.0339,34.07,100,100,5.48
431,Valdivia,-39.8142,-73.2459,53.69,90,10,0.31
432,Dwarka,22.2394,68.9678,76.5,57,99,8.28
433,Ndele,8.4109,20.6473,74.01,34,80,3.85
434,Karpathos,35.507,27.2132,69.76,78,100,10.36
435,Isangel,-19.55,169.2667,83.68,69,52,8.46
436,Zabolotovka,50.2737,39.3147,46.36,98,100,12.84
437,Darhan,49.4867,105.9228,9.25,93,100,2.68
438,Gazli,40.1333,63.45,44.65,45,0,8.77
439,Talen,23.5667,76.7167,61.12,48,100,4.5
440,Cayenne,4.9333,-52.3333,75.24,100,0,2.3
441,Hamilton,39.1834,-84.5333,35.04,51,1,11.5
442,Kargopol,61.5071,38.9456,1.31,99,72,4.38
443,Nishihara,26.1842,127.7558,67.66,94,90,14.97
444,Xichang,27.8964,102.2634,47.98,78,95,2.17
445,Zvishavane,-20.3267,30.0665,67.55,64,10,2.13
446,Naryan-Mar,67.6713,53.087,1.98,97,100,9.15
447,Natal,-5.795,-35.2094,83.05,78,40,13.8
448,Acari,-15.4311,-74.6158,69.51,76,83,4.07
449,Kholuy,56.575,41.8692,28.89,97,100,3.74
450,Skrunda,56.6833,22.0167,33.46,94,100,5.01
451,Ahuimanu,21.4447,-157.8378,82.11,58,20,13.8
452,Hirara,24.8,125.2833,70.68,86,100,27.83
453,Aklavik,68.2191,-135.0107,-10.61,84,100,18.52
454,San Blas,21.5167,-105.2667,78.69,71,96,3.65
455,Maniitsoq,65.4167,-52.9,35.55,94,100,27.83
456,Vestmanna,62.1564,-7.1664,34.72,100,90,3.44
457,Wanning,18.8003,110.3967,72.39,75,100,13.31
458,Maceio,-9.6658,-35.7353,81.84,78,40,3.44
459,Faya,18.3851,42.4509,50.52,39,0,6.24
460,Mineros,-17.1167,-63.2333,74.79,95,100,6.67
461,Asfi,32.2994,-9.2372,55.9,64,0,15.17
462,La Ligua,-32.4524,-71.2311,62.38,69,0,3.06
463,Dudinka,69.4058,86.1778,-23.67,100,100,2.66
464,Synya,65.3718,58.0387,18.19,96,100,5.41
465,Erdenet,49.0333,104.0833,5.56,83,39,4.45
466,Saint-Leu,-21.15,55.2833,72.46,84,58,9.01
467,Grand Gaube,-20.0064,57.6608,73.8,68,2,7.63
468,Mezen,65.8522,44.24,8.44,89,100,8.03
469,Makiwalo,12.5101,124.706,82.98,79,40,8.14
470,Calhoun,42.2506,-85.0005,34.11,86,90,8.05
471,Naze,28.3667,129.4833,64.63,67,100,15.84
472,Rong Kwang,18.339,100.3174,71.53,83,100,2.15
473,Bosansko Grahovo,44.1794,16.3639,31.01,91,35,3.69
474,San Quintin,30.4833,-115.95,65.23,56,0,10.02
475,Agadir,30.4202,-9.5982,48.65,41,0,3.0
476,Luwingu,-10.2621,29.9271,65.12,87,100,1.72
477,Chicama,-7.8447,-79.1469,63.14,80,100,7.25
478,Karasjok,69.4719,25.5112,1.51,100,100,5.08
479,Kotovo,50.3211,44.8012,38.03,97,100,8.21
480,Nueva Loja,0.0847,-76.8828,73.38,93,100,1.5
481,Tigil,57.8,158.6667,5.56,86,49,5.44
482,Champerico,14.3,-91.9167,80.51,75,27,5.5
483,Chunoyar,57.4467,97.3217,21.13,91,100,12.44
484,Oriximina,-1.7656,-55.8661,81.32,66,82,3.22
485,Norman Wells,65.282,-126.8329,-14.3,97,100,9.95
486,Turukhansk,65.8167,87.9833,-21.62,100,100,2.86
487,Flin Flon,54.7682,-101.865,16.79,86,100,9.44
488,Benjamin Constant,-4.3831,-70.0311,78.93,88,98,2.17
489,Ust-Maya,60.4167,134.5333,-2.31,97,100,4.79
490,Bloemfontein,-29.1211,26.214,58.01,43,3,4.5
491,Tromso,69.6496,18.957,28.42,69,75,13.8
492,San Policarpo,12.1791,125.5072,82.45,82,100,10.94
493,Port Lincoln,-34.7333,135.8667,69.91,53,0,7.09
494,San Francisco,37.7749,-122.4194,66.02,69,1,0.0
495,Ucluelet,48.9329,-125.5528,52.11,97,100,8.59
496,Smithers,54.7804,-127.1743,29.89,95,15,3.09
497,Vardo,70.3705,31.1107,22.33,78,100,21.43
498,Bonanza,14.0289,-84.591,70.05,89,5,3.62
499,Verkhneuralsk,53.8769,59.2106,14.2,87,100,3.74
500,Talara,-4.5772,-81.2719,66.33,88,81,13.67
501,Emba,48.8264,58.1442,18.43,87,100,3.56
502,Moree,-29.4667,149.85,80.62,50,40,12.66
503,Lahaina,20.8783,-156.6825,79.84,69,7,14.99
504,Mandeville,18.0417,-77.5071,69.85,88,84,1.05
505,Taoudenni,22.6783,-3.9836,64.58,28,0,10.11
506,Kailua,21.4022,-157.7394,82.38,61,20,13.8
507,Ankazobe,-18.3167,47.1167,63.01,83,86,4.09
508,Lixourion,38.2019,20.4314,62.08,84,75,25.79
509,Ribeira Brava,32.65,-17.0667,65.03,75,4,8.57
510,Hessisch Lichtenau,51.2,9.7167,31.33,91,100,3.4
511,Fort Nelson,58.8053,-122.7002,-0.81,78,75,4.61
512,Qaqortoq,60.7167,-46.0333,37.9,97,100,6.8
513,Sao Jose Da Coroa Grande,-8.8978,-35.1478,79.45,83,37,10.18
514,Durango,24.8333,-104.8333,52.86,58,80,2.93
515,Skibbereen,51.55,-9.2667,44.4,94,100,9.17
516,Olavarria,-36.8927,-60.3225,59.31,93,84,12.15
517,Usinsk,65.9939,57.5281,14.36,95,100,11.72
518,Uyuni,-20.4597,-66.825,56.88,22,87,12.06
519,Durres,41.3231,19.4414,55.58,76,45,19.82
520,Saint-Augustin,51.226,-58.6502,33.71,88,83,19.77
521,Gresham,45.4982,-122.4315,61.61,63,90,4.61
522,Barabai,-2.5833,115.3833,76.68,88,98,1.23
523,Comodoro Rivadavia,-45.8667,-67.5,67.86,32,0,33.38
524,Mayor Pablo Lagerenza,-19.9309,-60.7718,71.11,91,100,8.25
525,La Ronge,55.1001,-105.2842,24.26,84,100,9.37
526,Savalou,7.9281,1.9756,78.75,79,99,3.62
527,Ipilan,8.8431,117.9033,83.28,72,100,1.48
528,Adrar,20.5022,-10.0711,58.6,43,99,10.16
529,Okha,53.5739,142.9478,22.84,64,100,11.83
530,West Bay,19.3667,-81.4167,78.87,69,20,5.75
531,Yaransk,57.3033,47.8861,33.71,95,100,9.8
532,Galbshtadt,53.2264,78.9845,6.73,90,100,6.2
533,Ambon,-3.6954,128.1814,87.94,70,40,5.75
534,Elbasan,41.1125,20.0822,54.32,93,100,11.45
535,Plomarion,38.9767,26.3681,67.19,67,11,27.87
536,Canavieiras,-15.675,-38.9472,75.51,91,73,10.18
537,Malanje,-9.5402,16.341,61.97,97,99,0.67
538,Eureka,40.8021,-124.1637,52.41,97,63,4.99
539,La Orilla,17.9833,-102.2333,77.61,71,0,4.9
540,Bereda,43.2686,-7.5406,47.95,95,100,5.23
541,Lethem,3.3803,-59.7968,79.52,65,39,5.88
542,Touros,-5.1989,-35.4608,83.3,78,51,11.12
543,Kirksville,40.1948,-92.5833,33.98,51,1,3.44
544,Golden,39.7555,-105.2211,59.29,25,40,20.71
545,Kapoeta,4.7717,33.5903,78.8,57,14,11.21
546,Dzilam Gonzalez,21.2833,-88.9333,75.24,73,88,5.08
547,Shirokiy,49.758,129.523,5.16,89,6,10.16
548,Sambava,-14.2667,50.1667,74.23,88,35,7.56
549,Venustiano Carranza,19.43,-99.0992,64.38,45,75,11.5
550,Pakxan,18.3778,103.6601,67.3,68,86,6.17
551,Souris,49.6172,-100.2612,28.15,91,100,9.75
552,Huarmey,-10.0681,-78.1522,67.12,84,100,8.39
553,Santona,43.4439,-3.4576,55.33,93,100,21.5
554,West Memphis,35.1465,-90.1845,46.74,65,1,3.44
555,Kyren,51.6828,102.1408,8.91,81,60,2.55
556,Mersing,2.4312,103.8405,79.23,82,98,5.41
557,Aloleng,16.1307,119.7824,83.08,67,24,7.85
558,Baiyin,36.5583,104.2081,24.57,52,59,7.27
559,Viedma,-40.8135,-62.9967,61.0,60,84,8.08
560,Kismayo,-0.3582,42.5454,79.9,80,68,7.76
561,Esperance,-33.8667,121.9,67.86,73,12,17.87
562,Port-De-Bouc,43.4,4.9833,41.02,85,0,12.66
563,Edd,13.9297,41.6925,81.52,59,5,3.42
564,Lashio,22.9333,97.75,58.3,84,7,0.94
565,Pietersburg,-23.9045,29.4688,64.51,65,51,3.0
566,Nivala,63.9167,24.9667,13.87,90,100,4.14
567,Katherine,-14.4667,132.2667,91.72,46,53,4.61
568,San Antero,9.3741,-75.7589,79.11,86,93,6.51
569,Kalmunai,7.4167,81.8167,78.8,86,100,6.13
570,Skogn,63.7,11.2,6.19,84,36,3.74
571,Rudbar,30.15,62.6,56.43,30,100,5.03
572,Aswan,24.0934,32.907,74.08,33,100,9.22
573,Sturgeon Falls,46.3646,-79.9326,19.83,77,100,4.65
574,Bilma,18.6853,12.9164,72.61,18,4,6.89
575,Dillon,34.4166,-79.3712,52.05,40,100,5.1
576,Krasnoselkup,65.7,82.4667,-21.84,100,100,4.83
577,Aksha,50.2814,113.2867,10.36,78,100,3.44
578,Dunedin,-45.8742,170.5036,65.03,53,52,7.05
579,Norsup,-16.0667,167.3833,85.3,66,16,7.0
580,Iquique,-20.2208,-70.1431,66.24,79,65,2.51
581,Nsoko,-27.0333,31.95,66.06,88,0,3.91
582,Beringovskiy,63.05,179.3167,5.43,93,100,5.57
583,Vicuna,-30.0319,-70.7081,51.53,41,0,0.56
584,Dicabisagan,17.0818,122.4157,80.47,84,49,1.41
585,Hailin,44.5833,129.4167,29.97,76,61,11.97
586,Sokolo,14.7328,-6.1219,78.42,22,1,11.5
587,Hurricane,37.1753,-113.2899,66.54,29,0,4.32
588,Porosozero,62.7191,32.727,11.91,94,100,4.59
589,Najran,17.4924,44.1277,57.63,40,0,2.77
590,Ust-Kalmanka,52.1207,83.305,12.38,87,52,2.06
591,Agropoli,40.3469,14.9966,53.22,65,100,13.69
592,Broken Hill,-31.95,141.4333,76.91,37,7,7.9
593,Pedernales,18.0384,-71.744,78.98,75,39,4.18
594,Sechura,-5.5569,-80.8222,68.67,75,75,15.23
595,Oakdale,44.963,-92.9649,33.17,56,20,0.0
596,Korla,41.7597,86.1469,21.74,74,6,3.11
597,Chardara,41.2547,67.9692,45.03,34,8,5.53
598,Den Helder,52.9599,4.7593,46.38,65,75,11.5
599,Jaguaruna,-28.615,-49.0256,69.78,92,100,8.1
600,Tynda,55.1667,124.7167,-5.8,88,95,1.45
601,Broome,42.2506,-75.833,32.77,100,90,8.05
602,Seymchan,62.8833,152.4333,-17.77,95,100,1.92
603,Moron,-34.6534,-58.6198,64.29,95,100,5.88
604,Iacu,-12.7672,-40.2117,72.41,91,72,2.21
605,San Juan,-31.5375,-68.5364,73.92,23,0,7.67
606,Tecolutilla,18.2833,-93.3167,75.2,84,100,7.99
607,Tautira,-17.7333,-149.15,82.42,80,74,17.72
608,Anda,46.4,125.3167,16.74,91,19,6.76
609,Kristiinankaupunki,62.2743,21.376,22.69,73,100,8.57
610,Tulagi,-9.0996,160.1476,83.75,70,92,6.85
611,Ouesso,1.6136,16.0517,71.17,75,78,1.34
612,Omboue,-1.5746,9.2618,76.42,89,67,5.01
613,Banff,51.1762,-115.5698,40.23,93,100,5.75
614,Fare,-16.7,-151.0167,81.16,74,86,9.66
615,Caravelas,-17.7125,-39.2481,75.27,92,88,12.06
616,Zhigansk,66.7697,123.3711,-9.96,97,100,7.34
617,Pangai,-19.8,-174.35,78.94,61,0,18.05
618,Aviles,43.5547,-5.9248,52.99,93,75,20.71
619,Itaituba,-4.2761,-55.9836,77.45,78,100,3.62
620,San Vicente,-26.6167,-54.1333,61.11,100,84,1.77
621,Mae Hong Son,19.3003,97.9685,71.74,80,70,0.83
622,Safford,32.834,-109.7076,58.12,26,1,0.0
623,Dickson,36.077,-87.3878,45.54,56,40,0.0
624,Requena,39.4883,-1.1004,42.58,74,10,30.18
625,Beruwala,6.4788,79.9828,76.93,87,71,6.55
626,Namatanai,-3.6667,152.4333,85.82,66,100,6.82
627,Musoma,-1.5,33.8,67.41,84,18,5.77
628,Rengo,-34.4167,-70.8667,70.63,23,0,3.29
629,Antsohihy,-14.8796,47.9875,74.66,89,85,2.24
630,General Roca,-39.0333,-67.5833,77.4,17,13,9.4
631,Menongue,-14.6585,17.691,63.36,97,100,4.29
632,Alyangula,-13.8483,136.4192,87.85,50,100,2.62
633,Westerland,54.9079,8.3033,37.42,81,90,11.5
634,Buta,2.7858,24.73,69.35,99,95,3.06
635,Tignere,7.3667,12.65,66.49,29,89,0.96
636,Axim,4.8699,-2.2405,78.58,86,95,6.98
637,Kargasok,59.0556,80.8572,22.06,95,100,9.17
638,Cao Bang,22.6667,106.25,63.79,73,72,0.98
639,Sladkovo,55.5284,70.3385,15.62,82,100,9.01
640,Arlit,18.7369,7.3853,75.36,16,100,7.4
641,Dimbokro,6.6451,-4.7048,74.25,97,12,4.07
642,Baft,29.234,56.6057,45.01,53,99,3.96
643,Mount Isa,-20.7333,139.5,91.17,19,0,12.66
644,Poum,-20.2333,164.0167,80.55,75,22,2.26
645,Barcelona,41.3888,2.159,44.11,65,20,20.71
646,Itoman,26.1247,127.6694,68.38,92,75,10.36
647,Tommot,58.9564,126.2925,-11.38,96,68,2.26
648,Sao Filipe,14.8961,-24.4956,75.61,70,98,13.29
649,Cabo Rojo,18.0866,-67.1457,73.83,80,8,6.6
650,Stornoway,58.2093,-6.3865,37.36,75,100,4.61
651,Sorland,67.667,12.6934,34.38,42,100,16.96
652,Kita,13.0349,-9.4895,76.08,23,6,4.34
653,Erenhot,43.6475,111.9767,23.54,51,100,10.74
654,Indramayu,-6.3264,108.32,80.96,73,73,5.01
655,Dholka,22.7167,72.4667,62.98,43,51,7.63
656,Teya,60.3778,92.6267,2.64,96,90,4.9
657,Luanda,-8.8368,13.2343,77.0,88,75,9.22
658,Puga,21.5833,-104.8167,69.87,77,40,8.05
659,Mao,39.8885,4.2658,45.16,76,90,6.91
660,Aksum,14.1245,38.7244,56.61,60,3,15.59
661,Leh,34.1667,77.5833,12.15,66,1,2.1
662,Manaus,-3.1019,-60.025,79.29,94,0,2.3
663,Shugurovo,54.5083,52.1326,30.33,97,100,8.16
664,Canon City,38.441,-105.2424,54.52,40,1,9.22
665,Uige,-7.6087,15.0613,66.31,97,100,2.48
666,Riverton,40.5219,-111.9391,45.88,70,1,4.61
667,Soc Trang,9.6033,105.98,75.16,95,100,9.75
668,Minab,27.1467,57.0801,71.24,81,99,3.13
669,Katobu,-4.9408,122.5276,80.19,83,99,3.53
670,Lac Du Bonnet,50.2536,-96.0612,21.24,92,100,4.32
671,Charlestown,-32.95,151.6667,67.78,71,100,4.05
672,Kaseda,31.4167,130.3167,58.82,65,0,9.31
673,Pyshma,56.9523,63.2513,21.36,84,99,9.62
674,Mengcheng,33.2579,116.5655,52.57,73,0,5.21
675,Bengkulu,-3.8004,102.2655,78.96,79,100,6.38
676,Paramonga,-10.6667,-77.8333,66.38,86,100,9.04
677,Quatre Cocos,-20.2078,57.7625,73.51,70,0,4.68
678,Saint-Paul,-21.0096,55.2707,73.51,85,61,0.58
679,Caborca,30.5838,-111.101,67.69,22,0,2.68
680,Aguas Vermelhas,-15.7472,-41.46,65.75,98,8,2.3
681,Obo,5.3998,26.4869,71.69,69,55,3.31
682,Karratha,-20.7377,116.8463,90.37,38,1,4.29
683,Bubaque,11.2833,-15.8333,82.69,67,100,15.21
